Id,ItemId,Amount,InvoiceId
1,789,73,{1ebecf11-33ad-4ebb-b7e3-9f3ec1bb7b26}
2,234,1,{3e9f981d-c8fd-49e1-874b-4bd1820c9ab9}
3,929,50,{b3146b1e-1acc-4530-a6d2-a1d55e56ab25}
4,113,89,{2f61b0b4-dfd6-4ec8-bf69-7ba5d51272f4}
5,83,11,{95e53d98-82c2-414f-b44b-1f9ec4235c33}
6,862,25,{cb75b8ea-f819-4a0f-ad16-0a112f38637f}
7,982,18,{33e17549-b2be-4255-967f-7ec8701eda61}
8,428,40,{256d1dca-5e44-47b6-ba74-57f0769a327d}
9,778,38,{35b130db-0056-4b67-90fa-201ebd7a8f5a}
10,163,84,{47899631-43cd-472c-8366-7ae3a0e4d32d}
11,764,45,{ea0d7f51-ffc6-4c1c-b068-bf10dbc4893f}
12,741,64,{c0cdb218-fe23-48c8-ab93-7ed13214cad8}
13,630,48,{6d3b90a8-7e7d-4d05-b3a0-c81f341ff02d}
14,694,57,{6842a226-80ea-4d4b-95f6-7c6deb7759b9}
15,997,84,{5603bfdf-6754-4f1b-8c53-e2c8ee466617}
16,329,53,{ddc9ee64-5661-41f3-affa-70721ab2f4c8}
17,340,21,{cc9feb3c-e639-4f8f-acdf-9da56b8ea2bb}
18,260,93,{8c330f21-a931-49af-af61-33cbb7065404}
19,610,28,{226fbb17-ff01-4099-a1ef-2fdefc34183f}
20,454,37,{52bda23c-cb94-4d09-9937-381c9e856555}
21,865,93,{a8ff0967-76ea-4027-8fa5-2c880cfab463}
22,483,67,{8e12303c-5f86-46da-bc40-74da197c3fb5}
23,706,54,{2fa9d6ed-334d-4456-af60-446af9bf75e9}
24,958,52,{4e657e57-bec1-4e90-b247-82d510f4db62}
25,954,15,{5f9892ef-fab4-4843-940e-bc1cb73a0576}
26,954,38,{450aec0f-81c5-47f6-97e8-badb71c2d211}
27,161,82,{7204f4d8-e1aa-40d4-a284-a8895e23552e}
28,606,51,{75202041-1551-4087-b172-ddac7b6fb1b3}
29,974,60,{e9bf55ae-d721-4f87-a518-2a2d291b4d84}
30,353,84,{4bb0195c-acd3-4c37-913f-01cc60657be3}
31,411,44,{ac7b3b0e-82d9-468b-b6db-7f02b05b06ad}
32,704,30,{09c7b1f0-1adf-4d1a-9f70-07a5d00238c3}
33,852,38,{62c629f3-d246-48fc-9425-dbe4e86fc9a2}
34,543,38,{c3096c18-ca4d-4804-9322-0dd416449c98}
35,462,6,{fd00840b-ba43-45aa-9dfc-e705baa91a19}
36,627,58,{5d44236a-f966-4996-817a-cbf28e5d5f94}
37,175,75,{a87604c4-4715-4fa1-9174-47ad58d57ce9}
38,961,55,{176ae334-0b8e-4e97-b317-7dd7c822b02d}
39,275,24,{86536c1a-2493-481f-9bd1-0e39846473cd}
40,64,1,{f2740b60-1103-4bd8-8536-3a3c96b6e373}
41,100,93,{27beb555-c8a6-4aca-b01a-461b868d52e3}
42,639,24,{51305666-6ae7-46f5-a6da-abff754c0163}
43,78,16,{182ef092-2c8d-49a5-abfa-fb40d0c5677f}
44,271,46,{74e89595-fd74-4f7f-9c6a-98b04d5b1072}
45,157,62,{7d3fa4ae-8530-4e52-9780-8d0ec5f6d4a2}
46,655,86,{f63de051-9d28-4fe1-9b27-eaab34e9a674}
47,618,12,{bdbbf223-bb3c-4e67-9d4c-d1444dac631e}
48,655,87,{a7402a02-490e-4e95-a194-1e41c24f1912}
49,410,19,{da94c840-f092-48d4-a5cb-1bd070b577f0}
50,467,75,{7d3fa4ae-8530-4e52-9780-8d0ec5f6d4a2}
51,324,79,{71ddcc11-3140-4995-b88a-b9039b478e8a}
52,63,39,{8f8beef6-e594-42ae-adde-aba174b61c02}
53,689,34,{dc85447c-ae37-4311-b45e-0a02f33beae6}
54,933,98,{4e5b68be-c7a5-41b4-944b-879a5bdceed9}
55,995,39,{0ad83681-84c7-454a-b576-fc573569cd12}
56,73,28,{e47a96f3-844e-4d07-b55b-87850798c690}
57,234,10,{3daa4190-8847-47be-91d4-5b3c3841437b}
58,246,60,{5726a6d7-b12b-415e-ad0a-9a6555961bdc}
59,225,81,{d78d2a06-94a1-42a3-9f5a-7bebc7dd7ac8}
60,193,51,{f0df3c21-382e-4c77-ba84-f15e8bd13bf6}
61,234,70,{9efbfe9a-2bfe-4236-af7f-ea8eda4f8ad0}
62,862,67,{e9980066-1596-4eaa-874f-c698b34b3b8d}
63,758,91,{29e88a59-dbae-46ff-a590-c26452203079}
64,881,61,{0340dca3-15a9-4518-855a-0da21ad8dd4b}
65,743,98,{a9773478-0b73-4fb7-81f3-3736b7ec1040}
66,614,10,{3c0dfc3c-e02d-4790-ac3d-d2cc6f5d4539}
67,220,6,{d868a4b4-dffc-4045-8284-5f99f138b7d5}
68,990,37,{fd00840b-ba43-45aa-9dfc-e705baa91a19}
69,994,40,{fb513841-b68f-4a15-8ccb-84b0c1659713}
70,584,26,{4e657e57-bec1-4e90-b247-82d510f4db62}
71,768,32,{902f8a83-22eb-415a-9705-2aa4545a3bd1}
72,940,93,{9b88f0d4-4e93-46d4-8fcd-03aea0c7ba01}
73,191,56,{b641af3b-08ce-4d27-bb51-f162fc44fbfd}
74,246,53,{f5872419-9c23-4f83-857c-5a13031b8525}
75,316,42,{a793d13f-e271-4d69-b177-97ed53938ec2}
76,149,42,{a2cfe137-d908-4d6c-8b78-291dc669e35c}
77,813,71,{2b4e0ac1-e94f-4c05-afc6-d201cfcf0200}
78,145,35,{c311d1a3-7bd9-4cf6-b556-5ee34b7425bb}
79,133,75,{3c248bdd-06fe-4a80-bf47-b67dbf85d2ea}
80,916,46,{b958c32b-5e97-49e2-a1c9-b4d0442ff3c0}
81,197,88,{e785b7bc-25df-4a96-ae10-bca15edfa85f}
82,735,53,{5f9892ef-fab4-4843-940e-bc1cb73a0576}
83,374,59,{9273a98d-192f-4725-a08b-21bd84e9c55a}
84,367,2,{c33e5ba0-bc23-4853-b9a2-c6f7da9fb167}
85,456,28,{5726a6d7-b12b-415e-ad0a-9a6555961bdc}
86,690,8,{ff631b2b-dac8-498c-94bb-cbc409605bb6}
87,622,29,{c3f74243-9b62-43f1-ab99-1ad152cec58f}
88,699,34,{0b3a5ad2-776d-489f-b08c-e4943bbb5c6d}
89,317,81,{fe0e39a3-a239-469f-93a1-06ea03f2327c}
90,327,30,{25df314e-6483-46ff-b353-b7e09f6d9d3b}
91,88,16,{8a66acf7-a9b6-400e-9b7e-6e1f5754971c}
92,291,12,{2e2acb68-04d0-4bb8-bd8c-a9129d7cbf5c}
93,727,96,{26305893-e29e-499b-b7a0-f78abc4fcfed}
94,624,96,{bf53044b-80f9-434b-9cc2-369ac525ef3b}
95,34,29,{170ac495-eb69-46fe-a472-1619c62cff1a}
96,772,64,{939276fe-91f9-425a-a57d-4b2b9bc17a3c}
97,271,10,{0ad50811-7091-4f16-aee3-8593acde0fa9}
98,636,80,{0848950b-62b6-48e8-8b97-e747bc82cfa0}
99,91,87,{4e44c3d7-72c0-458f-812e-69220f9204fe}
100,186,84,{e785b7bc-25df-4a96-ae10-bca15edfa85f}
101,746,90,{1d49109c-bd8f-4b97-bacc-7f86753ff9ff}
102,597,8,{ce5b7e14-368a-4ac0-af71-1ddbbe6c8ef5}
103,373,69,{18d596e1-5bf0-4d8d-964f-527cb41d055f}
104,669,94,{dee57903-60a7-4bdc-9c00-a491b0f473fa}
105,203,38,{54908498-c6d8-44da-9e44-307a470e9e8c}
106,149,31,{226fbb17-ff01-4099-a1ef-2fdefc34183f}
107,916,3,{64d81491-2a9b-4c36-af1f-f2ab92b08fb6}
108,723,31,{0f6a8a65-e2a0-4869-a60e-d709a642d857}
109,661,85,{69c34dca-83c2-42bc-a003-4d1b2b2e936e}
110,589,63,{48bf5327-43a0-4f69-94d1-24eb80eacc81}
111,845,36,{38b4e27a-ebc0-46b3-8a4a-c4c8d6f957a0}
112,735,96,{ea0d7f51-ffc6-4c1c-b068-bf10dbc4893f}
113,144,49,{3ed607fb-559c-4c5b-a3ba-fe1a18d62b2a}
114,595,89,{ea9c3d78-bc72-49c7-8439-06b6c02c158b}
115,199,2,{c2783b75-fe08-4748-8807-5def33ada845}
116,860,24,{d0a5cfd6-cfb1-4a19-b097-a21ad070fa31}
117,938,57,{0b7aed35-a84d-4b93-8ecc-dffd6d077e0c}
118,869,29,{25aeaf64-9422-480a-83b6-729e99d8d94c}
119,863,61,{c1b008f2-b7b9-4fe8-8d7f-18c5e2fa72d6}
120,461,39,{59233d3d-ef93-4b60-9a84-feea592c796f}
121,595,97,{bc685d29-432c-457f-808a-5887240635fd}
122,485,26,{2570f73c-cdfb-42d8-a86b-16b880cbb347}
123,598,12,{3c0dfc3c-e02d-4790-ac3d-d2cc6f5d4539}
124,565,41,{97b1b80b-20ce-491e-bf43-256755e05add}
125,931,95,{77fc47fc-5233-48e1-8dd0-ba70d35383c8}
126,912,40,{3993dc8e-3cd1-41fe-8acb-dcddde0af3f1}
127,766,38,{649cf639-5339-4a0d-afa9-ed9aacbad6f4}
128,750,7,{ca50920a-cd5a-40e0-a8c9-af2f222266f2}
129,766,40,{851abe15-f3dd-42fb-b812-1abdc9378613}
130,578,95,{6f26d2f9-7557-47d9-9bca-7b66f83de828}
131,827,16,{af9e0b28-f39c-4167-b709-cc259374acef}
132,103,82,{9b1ce1e1-2414-4939-b9d9-9f7bd02f7277}
133,292,17,{3299fd5a-ee2c-4bf6-88f8-6c5d38725687}
134,672,77,{aafd4466-b21d-48e8-8ff8-55d6a722de76}
135,569,50,{4a89940c-31ee-4c32-b01d-7689831e8c3a}
136,852,44,{1409c962-7639-41cc-825f-27ddffa27e5d}
137,218,3,{3b1ca9e1-2394-43dd-b1a2-53a2df51326c}
138,783,67,{5ff526ed-8644-42c6-943b-cace885ecc3c}
139,952,85,{76906056-b1d8-49c1-a3a1-85cb8842e5fa}
140,684,66,{0345f76f-33ad-4b96-ad75-7d48534bb6a4}
141,785,8,{c9c6b838-bb07-40ed-af6a-b4e33c34bcda}
142,470,4,{649cf639-5339-4a0d-afa9-ed9aacbad6f4}
143,135,44,{1a809939-d58a-449c-98f0-72519c4237ad}
144,147,60,{c52b060f-c113-4ded-a653-78feae201eec}
145,481,2,{969569c0-8d54-4fd1-bf0e-f6e7f66f6374}
146,51,80,{224e0bb6-3ba6-4e45-9d66-f8ab387321b7}
147,368,32,{3730029a-65ae-4a12-a8ec-cf8b9bac0e39}
148,629,96,{f9135159-7624-4726-818a-139bdc5c86e0}
149,47,95,{bdbbf223-bb3c-4e67-9d4c-d1444dac631e}
150,806,40,{303a396a-d99e-4933-8417-375b864f04f7}
151,277,12,{571f63cf-c3f6-4292-884c-21b724618de7}
152,908,16,{f52939b2-fc30-4dc6-835d-45c52e996ce5}
153,245,89,{e63669dc-1df7-4647-a9d1-a5fd70080e27}
154,589,82,{33dc8184-9b0a-4ac6-b88f-b60333276309}
155,868,44,{b482a0ef-8e1c-4ac3-a837-67674ebbd9e5}
156,982,33,{1f3a5a3b-6dd7-43db-9e05-68c448256446}
157,453,9,{893481cd-7add-4058-be80-e8d7bf7654bd}
158,731,51,{a2cfe137-d908-4d6c-8b78-291dc669e35c}
159,104,94,{54fbf9e9-6447-48c0-8582-382bd79a57d4}
160,616,30,{6119f8e1-cc11-400a-b784-fd9a9266c88d}
161,528,70,{6a3b6740-79dd-4a3b-a0a1-89f3dde0b139}
162,229,18,{6db23fdc-8e48-4627-9ee4-060bef1f2f4a}
163,266,77,{f33467f0-9211-4f27-a20d-f182d02d47ed}
164,294,45,{2e00e659-2b41-45b9-bb64-7450d8a5845c}
165,757,99,{33e17549-b2be-4255-967f-7ec8701eda61}
166,115,2,{6429442f-0568-4443-8e47-f359a4d7a5b9}
167,746,100,{02647bc2-70a3-4b8d-8e5b-a2577891a594}
168,694,36,{b2ad9a34-85c9-423d-8cf6-01ac81c38b3e}
169,62,34,{6fd5d39b-1930-4ee9-8b2b-b41ab661d4b1}
170,69,16,{6835e9ea-2f92-4a1c-9e81-873645a46ba6}
171,710,49,{a04d4192-88be-4742-bef6-31c0e7802090}
172,544,20,{82fd7ff9-c072-43ca-b69f-d994e5a90661}
173,409,81,{aac5038a-43e9-4613-bc39-9c7590eb9026}
174,371,16,{03498e1b-232e-4d5b-bc12-1b593248e507}
175,142,83,{29bf88d0-dc1c-4868-9c6a-c9373bcf2a9a}
176,871,42,{507ba90d-2d0b-4177-8cf3-1b3c0d1de642}
177,31,57,{81351846-1de6-400b-ab15-ff5f1aa08f0c}
178,923,94,{bf53044b-80f9-434b-9cc2-369ac525ef3b}
179,67,88,{69503a5a-fdcf-4f92-86f8-93d6171cc209}
180,827,92,{f52939b2-fc30-4dc6-835d-45c52e996ce5}
181,885,61,{fb605985-5ba9-4740-bea2-8cdf00837a77}
182,747,92,{b3aa6666-1b4a-4057-96fa-8b807b0d3541}
183,458,31,{3f784f10-ad42-4e23-be22-a3b3238d8b05}
184,997,39,{931aedd0-3f16-4c42-815f-9fc263735d09}
185,339,80,{84132b83-261c-4298-ab97-8e1bbc28d8e9}
186,359,15,{dee57903-60a7-4bdc-9c00-a491b0f473fa}
187,502,55,{9c7decb3-4e7e-4193-aff3-eeb66b7a3bb7}
188,271,39,{a92fa2d2-cea6-46b9-bde2-f822c4c26469}
189,267,38,{c7167318-cbe7-4ce5-a832-f30b678210ab}
190,598,58,{b958c32b-5e97-49e2-a1c9-b4d0442ff3c0}
191,546,99,{07a53b8a-8026-4875-9035-2d3886ab231d}
192,539,65,{47238537-7006-41f3-ac3d-060b922c50a5}
193,236,56,{052c746a-34fd-4e3f-b2c4-12eb6db75207}
194,583,83,{3b1ca9e1-2394-43dd-b1a2-53a2df51326c}
195,963,41,{f10d2c66-d28a-4292-a526-cf9de4ab6ef4}
196,384,95,{31783133-fc38-4b59-809f-4ac422f1162d}
197,241,53,{7ff7fcc6-b9bd-4bb8-b03f-3f3530590760}
198,263,50,{121bc627-0c9a-4a8b-8793-707597c2bc80}
199,855,69,{03498e1b-232e-4d5b-bc12-1b593248e507}
200,216,1,{218b9215-a280-480c-bbfb-c335e664a1c7}
201,167,4,{eff0ae47-b0c2-47b1-beb8-f754856a0a98}
202,48,13,{3051eb7d-0ba6-45ed-bb81-a72f19dfaa17}
203,381,97,{da610127-3f7e-40e4-935b-4f50798a890f}
204,327,84,{83c3c326-3ea2-4772-87ee-82ca134b8b87}
205,946,18,{1c2e0cb1-a93f-4d76-a1af-e6fbc0987cb6}
206,769,84,{13ccb386-f31f-42c5-b409-827435857a43}
207,444,12,{451b4416-f215-4d35-8c09-9c27383d5817}
208,587,37,{4513b428-ee6f-488d-9ab7-b9c1f8c48400}
209,301,87,{da2e0bae-00f4-4735-a92f-b65c9b3eaaca}
210,883,44,{52d6f386-b501-40a9-8a08-c8601c93cbd5}
211,645,62,{0d0528f9-60b0-4fba-aba9-9e5fd1743ac0}
212,936,87,{5057f93b-d5e2-4780-8762-db1c1b6cefe1}
213,449,45,{7a9a41e7-f483-4b0e-9c82-f648449695b3}
214,962,99,{05317c37-4054-411c-aa37-f328d8bb878a}
215,713,95,{383d8520-54a8-4562-97a9-0b4912d73546}
216,499,2,{827c2af0-f3a3-4433-bc32-c38fae5490ed}
217,525,20,{193c1fc8-1ca9-437e-a1d4-c01f69ceaf7c}
218,50,72,{e9a485a4-4ad2-4c9f-bb86-6786a1432a46}
219,434,9,{5eddcc32-b3b8-4e5e-9a8e-c838a2e792c1}
220,233,24,{29579284-fba9-4b61-a85f-27955db31038}
221,689,58,{a22e256e-b802-40f6-ae92-dd597f02d9d3}
222,910,25,{283ca6b2-311e-4c74-83e6-b7ffcf2e645e}
223,138,51,{4a87e033-4bc5-4a4c-b931-3d03fd989816}
224,778,5,{5d6cc1ea-0c30-4283-8901-7356b6964ed9}
225,601,3,{5c36379b-7a25-4370-8dd6-ab60c39340d7}
226,907,14,{ed6e3c9f-8f8e-42b3-b582-f35f6bbd3359}
227,874,27,{1f00f4ee-7011-471a-9bee-0c378281dbaf}
228,751,10,{615facec-9d04-41b7-9f40-dee0fa40a865}
229,427,41,{6d09df21-d25a-4728-b160-83205f91a98f}
230,514,80,{ea2328da-8ecb-4a2c-992b-e0fc729f5a58}
231,673,22,{27d7aa14-21b2-41c7-a617-fb0739d1d7a2}
232,505,73,{f92b548d-950a-4e06-bfa2-c33e22b0e0a2}
233,790,26,{4a9802ba-c856-4fd4-95fc-abf28d1d1bc5}
234,467,89,{7f08d89f-c6a7-418a-b760-46482709de5e}
235,837,73,{0b3a5ad2-776d-489f-b08c-e4943bbb5c6d}
236,790,86,{65e902a1-accc-4cd2-9a77-dc8b59f19034}
237,220,94,{0cbd47f8-538c-48c3-a933-a95d4c757cc6}
238,765,19,{81a8dd1f-5a3a-4be3-8bc2-86ea13283330}
239,1000,70,{3633e5c7-88d9-4aab-a955-4e8d49758bab}
240,841,93,{f5872419-9c23-4f83-857c-5a13031b8525}
241,128,81,{365c0fc5-4b4f-4cdf-b5f6-3f82af377bb5}
242,795,34,{3081a70d-4488-4150-969f-e14ba7ef420a}
243,820,85,{c0d62940-1854-49d0-988a-60b6e34e577c}
244,37,9,{d67b733f-49bf-458f-b05d-1bd638aa910a}
245,657,81,{393134ca-8e52-482b-9f4c-a2858102519d}
246,765,97,{b9d5af06-b74c-4490-9278-4cc2ff499a62}
247,162,26,{1a03d986-d4c0-4622-9d4e-1e42a14e6fed}
248,169,10,{5855413e-dd8a-4912-b1b7-862f425f8fff}
249,530,54,{18e33ed4-4e64-48d4-a9b4-48fc01d18d55}
250,260,43,{f05f378d-382b-4158-9be0-90a5deac3dbe}
251,850,33,{ff631b2b-dac8-498c-94bb-cbc409605bb6}
252,915,17,{178e288b-d7be-4343-affe-cbd27539dff1}
253,948,30,{aee9d049-fb2e-42f3-a83d-14b2fe5a22ef}
254,109,42,{055f64c8-e120-40b7-90d5-9c97f212adf7}
255,27,29,{35ff9ed4-65f9-4d1e-984d-0c2e79478bd6}
256,560,7,{e226b0ca-1be3-458d-b1aa-76185fced417}
257,368,31,{e42b51c4-c0a0-47a0-954c-9d4ec9af6c4f}
258,582,32,{fdc7219e-2ccb-4d31-b197-ffda7133278d}
259,472,79,{1f00f4ee-7011-471a-9bee-0c378281dbaf}
260,224,77,{60666981-4f4e-41a2-b34c-b5503b488370}
261,865,1,{36e04341-2829-4be8-a551-a802aeb67528}
262,143,57,{8bcff1f9-56b2-4cd9-a135-e5d2729ac2ef}
263,920,79,{9222be57-b30a-4988-a144-b4b69773fb55}
264,154,44,{7ad1641b-447b-4742-b4e7-d42542597c8a}
265,479,27,{dc85447c-ae37-4311-b45e-0a02f33beae6}
266,192,85,{fdf4d32e-e9a6-4eeb-9e6a-c570f11a3af2}
267,252,93,{cb4f6761-40db-470d-95f8-2e1bb4d767e4}
268,182,58,{7fc0202c-a28c-491e-a300-5a34bd88b31c}
269,845,35,{989251ae-47a5-4a26-8c60-74b57ba5b61c}
270,962,88,{81e86403-e357-4635-bcdd-cbadf9bd5481}
271,727,84,{9222be57-b30a-4988-a144-b4b69773fb55}
272,461,51,{16aab93e-53ee-403b-8838-396a4ea28947}
273,385,82,{411c9efa-0beb-4cad-a2d9-b08c8bac575b}
274,262,88,{5b6db35c-4700-4c05-ba3e-d9aef84d0d66}
275,433,11,{b0b3103b-9c66-40f7-973c-31c1b29c1f26}
276,651,19,{3ab99087-f9f6-4597-8bcc-77236e65c48f}
277,868,73,{45567959-c481-4ec6-88f5-42db593e0c32}
278,890,38,{b435d84b-266b-4d6f-bfee-09076e9f9adc}
279,493,1,{bf53044b-80f9-434b-9cc2-369ac525ef3b}
280,890,67,{dd4b932f-37a3-489e-ba3f-30d296a4ed21}
281,79,51,{188a8b5d-6e5b-4e2b-908d-1f11fc2e591a}
282,826,78,{9eaf87df-d35e-409a-9e9b-dbe23b87273d}
283,931,52,{617cdffe-415e-4016-b52f-e577a47babc1}
284,351,12,{698cd212-ec78-45f3-b643-5701a3ed4d6e}
285,492,56,{47d617f8-9d3d-44b8-a88b-c01e5684714a}
286,370,49,{685f294d-51cf-427c-8e9f-b03cf5a9a872}
287,532,63,{b5616d8d-48d2-45a8-bdfc-08942c16d8c2}
288,466,94,{96e24e05-5e9e-475c-86d0-da13a7842c87}
289,262,65,{0f6a8a65-e2a0-4869-a60e-d709a642d857}
290,76,90,{8c868881-708f-414a-ab95-91180f2ed026}
291,107,100,{9b1ce1e1-2414-4939-b9d9-9f7bd02f7277}
292,38,13,{d17dadbb-da27-4412-983d-cbcd8253ab9d}
293,849,83,{0848950b-62b6-48e8-8b97-e747bc82cfa0}
294,749,17,{c01bb67e-870e-4f52-8fc4-8b34463afd09}
295,719,15,{cb4f6761-40db-470d-95f8-2e1bb4d767e4}
296,108,70,{07a53b8a-8026-4875-9035-2d3886ab231d}
297,968,69,{788943ca-9cee-4b23-b20f-af488a042803}
298,958,91,{9a685218-3f89-4513-824a-a87820f63275}
299,921,42,{354cc318-0866-4ee2-ac8a-4d77ffdf4363}
300,553,41,{94f5e949-2a3c-491f-a3f1-784b05e2026d}
301,795,60,{37df371a-87e0-4da0-8368-36c6a3a2288f}
302,774,66,{3b7a6b09-5194-4695-98e6-3071674f60f2}
303,51,16,{3126f877-96be-4888-b47a-02f27450e8c5}
304,162,100,{174d913a-5593-4c20-9695-0a72ac8b5326}
305,972,54,{cf2778a0-8c43-4da8-b042-718406d807cc}
306,751,12,{c8f577f0-1841-471f-b2c0-8aafc5d87e55}
307,467,96,{c9c6b838-bb07-40ed-af6a-b4e33c34bcda}
308,495,24,{26305893-e29e-499b-b7a0-f78abc4fcfed}
309,310,75,{f4df4b9a-5771-4a04-ad51-1d13278d291a}
310,944,6,{0848950b-62b6-48e8-8b97-e747bc82cfa0}
311,619,78,{e226b0ca-1be3-458d-b1aa-76185fced417}
312,598,69,{d576c7ab-a914-4cd8-bba0-455319476be9}
313,849,2,{0ed21527-ae80-40db-b913-f2677909ec88}
314,62,87,{e226b0ca-1be3-458d-b1aa-76185fced417}
315,439,44,{055f64c8-e120-40b7-90d5-9c97f212adf7}
316,335,81,{2c0b2838-880d-4d61-a2f8-f9f38cdd5ddc}
317,439,37,{b210a5f4-017e-482c-8f23-04990314deef}
318,800,61,{4733a037-2561-4cc3-8c5f-601fe21c61a8}
319,570,86,{d73854ea-9f11-46c9-993c-dfd97cd2d5e6}
320,50,8,{a1f9c5d0-6c3b-4ef1-80b5-3b0ca12ddcc4}
321,408,6,{75a02132-0335-4789-bc17-e7f3aca098a8}
322,378,48,{33799c84-ae3a-46c7-95cf-55eef3daf769}
323,161,96,{75a02132-0335-4789-bc17-e7f3aca098a8}
324,93,76,{58300215-099f-43f4-bf62-675129e2cde1}
325,948,57,{7d3fa4ae-8530-4e52-9780-8d0ec5f6d4a2}
326,96,14,{7a41f817-fe4b-43b6-8135-a4daa3081f1e}
327,512,59,{8c868881-708f-414a-ab95-91180f2ed026}
328,510,23,{cf268b8c-6000-4708-9519-fc4ca642046f}
329,725,11,{a71c39f7-8c5d-4177-8655-cf37d896fdaf}
330,919,46,{34d70e41-dbe1-4260-8c5c-885665071f61}
331,288,3,{9fb6a18a-a998-4b78-958e-148c32e23699}
332,147,80,{41df7dc2-15e1-4cd5-bc86-2dbbad555006}
333,69,6,{53093c2a-81eb-4057-9314-920cdfc093c9}
334,69,84,{82fd7ff9-c072-43ca-b69f-d994e5a90661}
335,189,10,{c908551e-26f2-431b-b377-4a7b89306536}
336,176,47,{dfdcdb8c-52d9-4f1e-8a6c-61e8cfe7be5d}
337,332,34,{5629c698-73a0-4a4d-a4cd-91342ab83ce6}
338,370,44,{81596b92-7e33-40df-82d6-998c59b9bf48}
339,710,63,{893481cd-7add-4058-be80-e8d7bf7654bd}
340,602,35,{6fd5d39b-1930-4ee9-8b2b-b41ab661d4b1}
341,133,80,{365c0fc5-4b4f-4cdf-b5f6-3f82af377bb5}
342,875,94,{1e6c735e-ede5-4c79-bbe3-05f4292f0af4}
343,301,2,{57286306-1649-48d7-86d0-cd3813db1559}
344,814,20,{2c73a526-a853-4722-bf29-457bde058d25}
345,750,9,{a0aa39c2-ef06-4ac8-b707-9a2dd19b60ed}
346,316,95,{91165d3f-78c7-4e5c-9ebe-ac5ff22f5ed2}
347,106,83,{b927dc09-9d73-42b8-8034-807ccbc649c5}
348,513,53,{0a7f87de-5464-4d5e-8192-491e4a47e76f}
349,379,51,{b388fa48-3b17-4649-8725-0d76d18f053f}
350,870,62,{afc8dc4d-ac56-4c03-ac63-0934fd8c6151}
351,538,73,{063ff971-e1bc-4969-9ad3-4b28ee653670}
352,874,81,{9c7decb3-4e7e-4193-aff3-eeb66b7a3bb7}
353,940,91,{04d173ab-dadc-42e6-84b0-86da8049348b}
354,870,100,{be358d63-6ae9-45b4-8219-a47b3cad3b0f}
355,861,77,{83000346-cbf8-44ac-bc65-ade0eb3c34dc}
356,723,13,{d46d6e81-802f-403b-a988-8ab3cc124d0d}
357,34,88,{f8a839bd-2248-4d85-9c7b-c11e4997bee1}
358,436,97,{614acfd3-c2b5-48b4-ab1e-047ec11ccb5c}
359,49,48,{ed6e3c9f-8f8e-42b3-b582-f35f6bbd3359}
360,379,61,{58757458-2e71-4836-affd-e16d7fa04b22}
361,546,56,{3d992956-e19d-4067-aa01-f0c07b65eb68}
362,542,32,{c5f93994-1b27-4eb2-93b4-72bdb4dcb58e}
363,533,60,{615facec-9d04-41b7-9f40-dee0fa40a865}
364,987,81,{44435ee9-2d33-4f54-b94a-e866d6b3d514}
365,186,83,{29e88a59-dbae-46ff-a590-c26452203079}
366,242,90,{da610127-3f7e-40e4-935b-4f50798a890f}
367,213,74,{da2e0bae-00f4-4735-a92f-b65c9b3eaaca}
368,98,62,{52fd6bec-1eb5-4a6b-b443-d9a1e30fb48b}
369,854,17,{986082ca-23ca-4217-b80e-ca45827af5f1}
370,850,68,{7a9a41e7-f483-4b0e-9c82-f648449695b3}
371,774,13,{9f4a16b1-6414-403d-a39a-350a08241b51}
372,34,50,{f39d278b-39ae-49b7-8b4f-e630cf7f8781}
373,168,55,{cb2e1f62-d8fd-45cc-993a-6f8d648b303b}
374,345,85,{4a178b18-55ec-4721-9ed7-39d00f09ffa6}
375,891,96,{d865eaff-2e51-4b96-943e-c4822fe5cdce}
376,991,68,{359e095e-7f1b-4c6a-9d3f-25a17e15bd10}
377,767,15,{25aeaf64-9422-480a-83b6-729e99d8d94c}
378,882,50,{b958c32b-5e97-49e2-a1c9-b4d0442ff3c0}
379,844,20,{5d8b9d05-22cd-44cc-a58a-6532afd8fdfe}
380,633,12,{b64325a1-ad25-42db-9840-e08dc287df5e}
381,462,26,{89b34f38-bcea-47d9-b2cb-129d6f47e255}
382,622,98,{5bd57dac-eeae-4121-8092-131acb4c7158}
383,123,94,{405330f5-47bb-40be-891a-4ddacdf471c3}
384,554,60,{d417846c-f386-4566-bf6e-40e4883fc624}
385,458,65,{21f75b8c-7700-4119-ba2e-d802c586db21}
386,325,9,{8cb7606f-0727-4e0d-bff1-ed4aaef2be6d}
387,859,47,{26e7621c-d612-4e9b-89c8-2814c5d17b1b}
388,26,89,{ca654f98-eb0f-49b5-88c6-d4eb60f59269}
389,505,100,{878b6ae4-ee4f-4780-aaff-f7088410772d}
390,905,35,{dcc759bf-5b76-454b-94c0-13bc705a258a}
391,772,53,{4fa5b888-6a95-4883-a22f-704b4ab2101c}
392,159,70,{b370d594-d5d8-4594-850a-240b8b5cf60f}
393,877,28,{41df7dc2-15e1-4cd5-bc86-2dbbad555006}
394,92,10,{f071183d-d939-4609-b15a-ae97a8452a4c}
395,861,14,{33a6c83a-7aae-4757-85fe-630e7efc0f8c}
396,319,94,{29bf88d0-dc1c-4868-9c6a-c9373bcf2a9a}
397,723,78,{050281c1-6880-4926-b868-f5bc3b4cabfa}
398,157,86,{979e45fc-96d3-4a6d-9604-cf71e51a76a6}
399,346,42,{3081a70d-4488-4150-969f-e14ba7ef420a}
400,328,83,{8debdb6b-aff8-4772-b0d6-2bc574ea331f}
401,490,62,{5726a6d7-b12b-415e-ad0a-9a6555961bdc}
402,398,93,{33eec329-5e56-4376-af75-5d6cc1c3b010}
403,965,25,{4a560e8d-4181-4c76-b8b2-c162e4d5a4ae}
404,271,47,{f5872419-9c23-4f83-857c-5a13031b8525}
405,900,33,{da988b97-0952-422c-8144-8bd3e4e965fc}
406,197,30,{8cb3b1bc-54f7-4e63-ad8b-4e450bfc318f}
407,54,99,{d96fcf0d-3031-447b-91e8-d8079288659b}
408,153,32,{0f6a8a65-e2a0-4869-a60e-d709a642d857}
409,937,1,{2960a9fe-6cec-4dce-afe3-4b482d8399cb}
410,735,69,{0802d4f0-7539-448d-8588-fae0dccc9e08}
411,8,82,{b3146b1e-1acc-4530-a6d2-a1d55e56ab25}
412,41,54,{68fa82c4-78b0-4252-a255-c01f7bc399fe}
413,629,77,{e20e3d38-1534-45a2-bf20-fc331235b894}
414,627,10,{5c477579-1554-4be3-a713-4ff8a138442d}
415,595,59,{84bbecc1-96f1-4dc8-b07e-2f8e19a805f7}
416,33,53,{6d4714a5-a507-441f-a272-1427d7db8d20}
417,435,23,{5a6376a3-b878-4c8b-aaa5-e7c2ff43bb6a}
418,701,30,{9eaf87df-d35e-409a-9e9b-dbe23b87273d}
419,364,69,{fd00840b-ba43-45aa-9dfc-e705baa91a19}
420,718,46,{36fed3f3-5037-49d9-a849-2b65c9fae677}
421,910,71,{8c29037c-5523-465b-a845-c09f08f2d271}
422,157,72,{c360b23b-a38a-450c-b472-c10ff5a738b8}
423,795,75,{35b5e183-13f4-4e93-8bf1-21ba8d311271}
424,200,95,{5604b5f2-208b-4ab3-874b-05dc0ec40dff}
425,892,98,{21f1871e-76e4-4ae7-bde8-d1a3e8883aaf}
426,609,17,{29bf88d0-dc1c-4868-9c6a-c9373bcf2a9a}
427,425,57,{f6396f70-a42f-4bbc-b831-97f0acc450e1}
428,860,50,{af1deeff-447a-450c-bbaf-161c224f0f75}
429,593,41,{27beb555-c8a6-4aca-b01a-461b868d52e3}
430,543,70,{be358d63-6ae9-45b4-8219-a47b3cad3b0f}
431,306,53,{35241f72-f6e0-4715-9b4e-580a7dc311c7}
432,292,35,{9eb82bbc-61e4-4cc2-a7d7-67873155ea2d}
433,399,96,{70710ec8-49b7-4428-be99-1607e2db7d75}
434,700,96,{054ffc7c-f8e9-4295-bb9b-bb38a3ba3b85}
435,182,2,{cb4f6761-40db-470d-95f8-2e1bb4d767e4}
436,888,10,{5f9892ef-fab4-4843-940e-bc1cb73a0576}
437,822,70,{b3b967ad-8dda-4425-ada3-2b7e31fc1e36}
438,488,30,{76906056-b1d8-49c1-a3a1-85cb8842e5fa}
439,316,22,{9eb67767-f69e-4b06-ab45-7e221d10ba32}
440,823,3,{4bb0195c-acd3-4c37-913f-01cc60657be3}
441,434,36,{8c1a704f-e106-4d8a-a5e5-a38c75fcb2f1}
442,101,29,{acf9fd52-75f3-4468-95b9-e49a2b455867}
443,211,28,{0542afd8-d532-495d-9245-799aef8da588}
444,960,28,{b927dc09-9d73-42b8-8034-807ccbc649c5}
445,918,77,{9bd1d4cb-a029-4ce8-bbe3-c92ed7e48f91}
446,47,50,{8dec20d3-74bf-4104-97bb-e4bd11448184}
447,944,94,{b5139f8a-903f-4faa-864a-684cffecdc2f}
448,745,57,{4a901ceb-1336-4c22-9fb9-c2a2e0700702}
449,623,30,{d417846c-f386-4566-bf6e-40e4883fc624}
450,39,66,{9ec13a89-8526-4a98-8686-c7bf1eaddf1f}
451,835,41,{134b7342-eed8-4571-b788-af2230f461bd}
452,659,16,{b5277313-b5b2-493c-b9f2-4c05161f5fec}
453,758,92,{b9f00a4e-223f-441c-9451-debe2b09e678}
454,524,10,{65d50373-4934-4719-b50c-ae5fd610d071}
455,756,24,{e75e6f64-070c-4f6a-af70-c0beee682741}
456,104,41,{b24528df-8df1-416a-a4f7-71831ad4030e}
457,200,16,{ca654f98-eb0f-49b5-88c6-d4eb60f59269}
458,397,95,{08d970df-1878-48dc-b731-69600ffd41f3}
459,422,4,{09c7b1f0-1adf-4d1a-9f70-07a5d00238c3}
460,631,76,{bd8189d4-4013-4ad5-a389-591d1fb23ea5}
461,118,99,{084bc61a-de84-4e53-a720-d9dabdaba58b}
462,162,16,{bc685d29-432c-457f-808a-5887240635fd}
463,994,85,{ae972bf8-dfcc-485f-ab42-b0461554c8fd}
464,765,71,{bc685d29-432c-457f-808a-5887240635fd}
465,125,68,{893481cd-7add-4058-be80-e8d7bf7654bd}
466,72,94,{14d93bf2-be93-4549-9ddc-eef7fc9a2ea2}
467,411,79,{2c73a526-a853-4722-bf29-457bde058d25}
468,369,79,{2c6ec20d-dae3-4b0e-b859-172ad8afd065}
469,767,35,{c25c2360-b57a-4d5c-8115-ff3163bbc389}
470,463,35,{3f1db9df-79de-48aa-a736-b82fd5d79828}
471,41,44,{2e2acb68-04d0-4bb8-bd8c-a9129d7cbf5c}
472,19,71,{d9e81ce0-51a4-4b96-a868-ed0031a32e92}
473,701,87,{0ec19576-a21c-4fb3-86b3-e40a2936c5f0}
474,755,38,{052c746a-34fd-4e3f-b2c4-12eb6db75207}
475,546,84,{bc681347-3ada-44c7-a669-523cc0f12d19}
476,174,87,{68fa82c4-78b0-4252-a255-c01f7bc399fe}
477,873,70,{4428a2c5-b5b6-45c0-b832-099fc319df2a}
478,648,64,{b5fa30da-94fd-45a0-86e1-24e056475b05}
479,726,9,{05317c37-4054-411c-aa37-f328d8bb878a}
480,390,38,{283ca6b2-311e-4c74-83e6-b7ffcf2e645e}
481,840,19,{1d6f718d-17f8-46b2-a108-057957fde538}
482,498,7,{35b5e183-13f4-4e93-8bf1-21ba8d311271}
483,357,43,{ce7e5151-0c5f-404a-9f9c-19082bfb67bf}
484,581,34,{8f412c8b-fc87-4bff-bb0d-897dff83f21b}
485,136,100,{65f3ac5b-3234-4cd4-ac61-11ffa685424d}
486,869,2,{de46a861-1522-4c84-a068-fe4b10c5c8df}
487,537,44,{e42b51c4-c0a0-47a0-954c-9d4ec9af6c4f}
488,380,79,{c1926339-a6ca-4b46-8562-bc04a02f053c}
489,276,65,{8555bd7f-544e-48a5-92c6-82730c9247c8}
490,742,68,{ced29c21-0f84-47ee-88b9-a6fe46baab39}
491,779,62,{77d53584-115f-477b-b25c-c7a860aca424}
492,245,30,{1c2e0cb1-a93f-4d76-a1af-e6fbc0987cb6}
493,634,93,{511220ba-cd0d-4184-a11c-5eb1d1f2d6a2}
494,753,40,{34d70e41-dbe1-4260-8c5c-885665071f61}
495,682,57,{d04a713b-ae9d-4b79-abc7-1be8e4c9e6a5}
496,747,40,{8a2103b2-a4e6-420d-a0d5-a70d1b0113e0}
497,460,81,{756bc3fe-360d-4405-9cfc-9ed084428c6b}
498,97,94,{b7d762fa-4136-49a8-91f8-f50dc3e8fd45}
499,106,72,{9bd1d4cb-a029-4ce8-bbe3-c92ed7e48f91}
500,323,46,{9273a98d-192f-4725-a08b-21bd84e9c55a}
501,240,30,{b96d68cb-9f8a-44da-bbaf-1718fd129ee7}
502,188,73,{ac9604c4-c802-48d5-b2b7-fae4e4b9eaa6}
503,91,36,{d430a71c-08cc-4005-991c-cb89b767e1c4}
504,192,49,{af1deeff-447a-450c-bbaf-161c224f0f75}
505,728,44,{4ef0db4f-cdab-4f2b-8452-35ea731d0d7a}
506,324,67,{e2bf4aa7-7013-430d-afa9-35bd248cf679}
507,797,72,{be358d63-6ae9-45b4-8219-a47b3cad3b0f}
508,824,83,{a972350f-0783-4b06-8262-a53db21c0608}
509,687,93,{83000346-cbf8-44ac-bc65-ade0eb3c34dc}
510,829,19,{8c330f21-a931-49af-af61-33cbb7065404}
511,830,78,{174d913a-5593-4c20-9695-0a72ac8b5326}
512,452,7,{3730029a-65ae-4a12-a8ec-cf8b9bac0e39}
513,383,12,{303a396a-d99e-4933-8417-375b864f04f7}
514,109,36,{d23ff2a0-2041-466d-9ee6-8d9f4d565c2b}
515,138,93,{d7ca233f-be5a-490e-8482-e60c38cec852}
516,635,26,{f3dd66cc-1183-4101-a025-899d78728022}
517,791,63,{3578f78d-205a-475b-a99d-c4ad3f0429ce}
518,602,71,{33490663-5772-4f15-a3cb-05704a460df8}
519,938,28,{f7bcf83f-0159-4322-b278-fcd986de1b40}
520,381,97,{c5f93994-1b27-4eb2-93b4-72bdb4dcb58e}
521,383,53,{0ce4a9c5-621a-4116-be23-c7dc8cbebd8c}
522,763,30,{a1f9c5d0-6c3b-4ef1-80b5-3b0ca12ddcc4}
523,959,43,{5399e431-677a-42c2-bb8a-89c1d4c672aa}
524,298,25,{247b625a-08bc-47f7-8d78-975743e31f8b}
525,269,82,{eb42bd88-69dc-42dc-9b62-cb2f81135d56}
526,71,34,{af1deeff-447a-450c-bbaf-161c224f0f75}
527,922,55,{6429442f-0568-4443-8e47-f359a4d7a5b9}
528,752,82,{a0d09d2c-3783-4a45-9e91-c0c623f7d603}
529,396,4,{1f439192-1995-4f1b-affa-b96d825878cf}
530,650,48,{42c418e8-aa1b-46e0-944c-0d09a9f4fd63}
531,678,16,{de54c2db-4af7-439e-a9a0-3cf3826a0a5e}
532,303,11,{91165d3f-78c7-4e5c-9ebe-ac5ff22f5ed2}
533,5,75,{48bf5327-43a0-4f69-94d1-24eb80eacc81}
534,195,91,{6429442f-0568-4443-8e47-f359a4d7a5b9}
535,757,98,{9562f0c5-0425-4a7a-98d0-aeb70cb5eef9}
536,674,47,{1e3aebb8-57f5-440c-94c4-1152e55bed03}
537,246,26,{ccedc934-6ee0-4e38-a9ab-f137583b6a93}
538,946,66,{8f412c8b-fc87-4bff-bb0d-897dff83f21b}
539,405,30,{b5aca72a-a22d-414c-ac32-c2497adfba4d}
540,936,95,{b3aa6666-1b4a-4057-96fa-8b807b0d3541}
541,497,63,{d0b703de-e282-4522-a3c1-c95d8b499371}
542,444,49,{be51b651-5c8a-4691-9dfe-4324757d03a2}
543,912,6,{e9980066-1596-4eaa-874f-c698b34b3b8d}
544,860,44,{59801089-4644-4658-a724-a519b4a9e9b2}
545,487,45,{c0f80672-be5b-411b-a485-7d3615cf57ec}
546,810,42,{ca6cac67-3be0-4aa6-8016-b5034328cbe5}
547,988,83,{8c29037c-5523-465b-a845-c09f08f2d271}
548,297,95,{8c868881-708f-414a-ab95-91180f2ed026}
549,728,22,{9eb67767-f69e-4b06-ab45-7e221d10ba32}
550,976,51,{33a2825f-c2a3-43fd-9f65-94f93087e029}
551,501,97,{45567959-c481-4ec6-88f5-42db593e0c32}
552,112,44,{3b7a6b09-5194-4695-98e6-3071674f60f2}
553,236,90,{96b95069-381c-4a87-a4e3-ed61177deee9}
554,860,88,{7b238ab2-11b3-4c00-bcdd-24995127e661}
555,587,62,{ff3ddb44-44a2-4242-aaa2-425a6923f31d}
556,142,33,{b5139f8a-903f-4faa-864a-684cffecdc2f}
557,876,55,{a1ca3982-9cea-4084-9c4b-f46edcb2d4c6}
558,702,78,{b64325a1-ad25-42db-9840-e08dc287df5e}
559,914,65,{9021f8b2-a792-4da1-8056-1edce2484b38}
560,882,80,{8daf461a-3661-455d-9d22-48d44a370eb8}
561,241,62,{a04d4192-88be-4742-bef6-31c0e7802090}
562,39,61,{d8079f44-3039-4109-a71e-8fa47a699f7d}
563,522,25,{d4b9c37b-928d-4afa-8f95-07cf0f2ee1cc}
564,264,55,{96e24e05-5e9e-475c-86d0-da13a7842c87}
565,297,42,{756bc3fe-360d-4405-9cfc-9ed084428c6b}
566,897,33,{9c48669d-61d7-4f4f-8e66-164aee164e0b}
567,753,70,{65a4d475-198f-40ab-a78e-00539edd4c2e}
568,627,21,{1f439192-1995-4f1b-affa-b96d825878cf}
569,768,75,{f10d2c66-d28a-4292-a526-cf9de4ab6ef4}
570,498,45,{e63669dc-1df7-4647-a9d1-a5fd70080e27}
571,270,10,{62126470-4d90-4106-8b3c-6b8788bdaabe}
572,617,85,{893481cd-7add-4058-be80-e8d7bf7654bd}
573,833,43,{1c8eaabb-7493-4d21-a05d-75806a92a350}
574,153,41,{f38eb78e-f661-42bc-ba47-304700420d65}
575,189,20,{4ef0db4f-cdab-4f2b-8452-35ea731d0d7a}
576,197,1,{989251ae-47a5-4a26-8c60-74b57ba5b61c}
577,863,54,{bbf866d8-058b-48b3-b5b4-893bfc6caa9a}
578,481,37,{11b32f80-4176-4680-900f-32a37c65a6ca}
579,129,76,{0099362c-c1e6-49e3-9bc7-405cc696d456}
580,659,93,{33e17549-b2be-4255-967f-7ec8701eda61}
581,998,75,{d17dadbb-da27-4412-983d-cbcd8253ab9d}
582,688,100,{4428a2c5-b5b6-45c0-b832-099fc319df2a}
583,154,29,{35241f72-f6e0-4715-9b4e-580a7dc311c7}
584,979,44,{f071183d-d939-4609-b15a-ae97a8452a4c}
585,655,92,{31fec8dc-6de2-4f8d-bc94-8ea44c74b4e5}
586,929,23,{ee37d338-70a5-40cd-884c-9a3a3f312e9e}
587,21,19,{b3146b1e-1acc-4530-a6d2-a1d55e56ab25}
588,932,61,{af9e0b28-f39c-4167-b709-cc259374acef}
589,326,88,{f37b7936-d71e-4d3e-8584-380ce6e39318}
590,503,4,{ca654f98-eb0f-49b5-88c6-d4eb60f59269}
591,433,67,{5c12d940-64c1-45f4-9d82-cbb0a2c2b242}
592,346,7,{f42b6ffa-b4db-4041-9335-86e767abad3b}
593,186,89,{c5b5ea3b-a36d-4c1a-b335-59ebcdaba59b}
594,247,28,{6e150539-b751-4694-be1b-0dda17c60e6b}
595,769,49,{2960a9fe-6cec-4dce-afe3-4b482d8399cb}
596,182,29,{84132b83-261c-4298-ab97-8e1bbc28d8e9}
597,470,93,{e3ba94bc-fed3-4299-8c38-89d027bfc68d}
598,232,12,{192d3f15-ad40-4966-b236-03bb778e8424}
599,918,54,{45567959-c481-4ec6-88f5-42db593e0c32}
600,45,79,{2570f73c-cdfb-42d8-a86b-16b880cbb347}
601,208,49,{72cf684b-bdc7-4877-877f-2effad480823}
602,387,10,{f9135159-7624-4726-818a-139bdc5c86e0}
603,490,100,{95d154c3-eae3-4157-b5d4-bd6b81bf604a}
604,841,29,{5eb21284-d7a2-4edd-af42-394c001a5432}
605,920,53,{b5aca72a-a22d-414c-ac32-c2497adfba4d}
606,556,46,{21f1871e-76e4-4ae7-bde8-d1a3e8883aaf}
607,536,36,{549bea8e-1660-43e9-9140-7673429eb6e9}
608,508,66,{6c1b49c6-b05b-49ae-b6e2-5327ee867e14}
609,850,6,{e909a0c9-321d-4ac4-95bc-894164b45655}
610,513,90,{d865eaff-2e51-4b96-943e-c4822fe5cdce}
611,620,36,{354cc318-0866-4ee2-ac8a-4d77ffdf4363}
612,345,40,{cd243d94-fbc1-4b26-b81e-24e1136846d8}
613,458,53,{c8b13bf3-97ac-4ab4-ada4-2fe9782fd399}
614,611,23,{f5872419-9c23-4f83-857c-5a13031b8525}
615,900,58,{62c1d9a7-e37b-4966-951c-54bfd71f91c4}
616,164,83,{b64325a1-ad25-42db-9840-e08dc287df5e}
617,938,91,{5b6db35c-4700-4c05-ba3e-d9aef84d0d66}
618,412,49,{b210a5f4-017e-482c-8f23-04990314deef}
619,667,23,{7eebe3e6-ee47-4eb3-b680-63e5c84d72ae}
620,361,31,{b370d594-d5d8-4594-850a-240b8b5cf60f}
621,785,80,{c1feabe8-dc58-4658-b00d-8f794472ba48}
622,222,90,{65ef560a-3837-41fd-b3e8-7c0a63b1db53}
623,72,13,{7eebe3e6-ee47-4eb3-b680-63e5c84d72ae}
624,828,97,{27beb555-c8a6-4aca-b01a-461b868d52e3}
625,240,72,{4a87e033-4bc5-4a4c-b931-3d03fd989816}
626,428,27,{52d6f386-b501-40a9-8a08-c8601c93cbd5}
627,265,80,{cf2778a0-8c43-4da8-b042-718406d807cc}
628,416,69,{b5b2c0a5-09ed-42d6-bc31-b3996b2f8576}
629,327,37,{c1b008f2-b7b9-4fe8-8d7f-18c5e2fa72d6}
630,760,20,{cd184b67-10a2-4c1c-a481-c8661ab0d9ae}
631,579,41,{bd892a3d-ce64-4f00-ab83-4ad93d3ed681}
632,617,79,{7a1ef13d-88dc-4f73-ae92-d2a1d55ada2d}
633,291,64,{8ec2d548-ab47-42ee-95f1-00eb2eb4796a}
634,852,72,{cde708ba-e30f-457a-a28b-9e86880b0954}
635,776,35,{1e3aebb8-57f5-440c-94c4-1152e55bed03}
636,450,78,{13ccb386-f31f-42c5-b409-827435857a43}
637,544,72,{5b2fd177-d3d3-4cb4-ac00-de1f483b9115}
638,655,16,{8ec2d548-ab47-42ee-95f1-00eb2eb4796a}
639,605,97,{2f8a1a06-b9a2-4e15-b2e0-7ae178994303}
640,359,4,{33038466-0497-41fb-8c12-f54458319fc2}
641,630,45,{d96fcf0d-3031-447b-91e8-d8079288659b}
642,363,51,{f42b6ffa-b4db-4041-9335-86e767abad3b}
643,14,43,{07cddbbe-ab83-4caa-af66-432418cc9b0a}
644,70,49,{35241f72-f6e0-4715-9b4e-580a7dc311c7}
645,276,55,{dfd73b0d-5219-46d8-a8e3-a1d4e6ff601e}
646,564,18,{49afc7c7-1321-4d02-bbb8-089db31b4af1}
647,780,58,{6b103502-45d4-4553-9b3c-a0a3b53adbe7}
648,294,1,{c908551e-26f2-431b-b377-4a7b89306536}
649,820,50,{176e5329-d9a6-4046-93af-c9e122e05121}
650,689,62,{16e13356-c3d3-4ba7-adcf-8f9dd7608847}
651,591,78,{393134ca-8e52-482b-9f4c-a2858102519d}
652,128,60,{b4d17a2a-811b-42e9-93be-8c6c116c3f57}
653,622,61,{d4b9c37b-928d-4afa-8f95-07cf0f2ee1cc}
654,79,24,{04e9db38-32b7-491f-a4e0-655382929c5b}
655,18,40,{3051eb7d-0ba6-45ed-bb81-a72f19dfaa17}
656,609,54,{d2f6986b-bffd-45b8-abad-ad32833ab42c}
657,5,26,{8325bad2-7ba4-436e-aa86-ae7ef39a1571}
658,730,44,{36e04341-2829-4be8-a551-a802aeb67528}
659,12,46,{ea9c3d78-bc72-49c7-8439-06b6c02c158b}
660,51,54,{f42b6ffa-b4db-4041-9335-86e767abad3b}
661,46,14,{9ebde4c7-1671-400d-b0c5-703632ab47d2}
662,383,3,{f82f8067-b21f-4e54-860e-d4196dab0fda}
663,421,100,{87afe3a0-3082-4bca-b580-5a04f44b87c7}
664,595,15,{33db3cb4-d712-444c-be72-e8b3e104b25a}
665,213,31,{57286306-1649-48d7-86d0-cd3813db1559}
666,932,70,{405330f5-47bb-40be-891a-4ddacdf471c3}
667,519,92,{75e2191b-9641-4c02-add4-b44037f50803}
668,91,33,{8325bad2-7ba4-436e-aa86-ae7ef39a1571}
669,605,6,{b4d3296e-2455-400e-b421-d11bc2a44def}
670,151,100,{89ad595b-116b-44e3-abe9-e8420566c350}
671,537,56,{459986ba-33f0-408b-9ba1-0015b4722b1f}
672,683,62,{3eebbb82-d3a1-43ce-90e7-d03a4802bac7}
673,262,69,{6442b633-f63f-4b04-a870-2a77397c0d80}
674,360,67,{d56a1c14-384d-447b-a900-62a4c072a8a2}
675,181,45,{c1926339-a6ca-4b46-8562-bc04a02f053c}
676,9,15,{52c3c2b9-930c-46e9-ab2a-408610d213cf}
677,933,22,{256d1dca-5e44-47b6-ba74-57f0769a327d}
678,131,8,{d0b703de-e282-4522-a3c1-c95d8b499371}
679,524,31,{cc50edec-bc54-415c-b9bd-d6f2979665fa}
680,102,74,{e1076105-fcb4-4ded-ac83-878d8b15ab61}
681,984,43,{3081a70d-4488-4150-969f-e14ba7ef420a}
682,772,65,{365c0fc5-4b4f-4cdf-b5f6-3f82af377bb5}
683,718,9,{ef5a85ff-d51b-4a88-8274-9ed373ac0e3e}
684,152,49,{91e3c656-ce43-457e-bbc9-83b6854e13de}
685,762,32,{33eec329-5e56-4376-af75-5d6cc1c3b010}
686,793,76,{34c6dac1-0648-4d05-a39b-c36923374556}
687,680,87,{b96d68cb-9f8a-44da-bbaf-1718fd129ee7}
688,807,52,{c64b5d20-8aee-4ace-ae16-fab8386a6c02}
689,351,74,{9b9f4519-0d40-469f-9abe-a0ac19c7f005}
690,133,91,{121bc627-0c9a-4a8b-8793-707597c2bc80}
691,60,98,{35b5e183-13f4-4e93-8bf1-21ba8d311271}
692,231,5,{b4d3296e-2455-400e-b421-d11bc2a44def}
693,264,39,{7d62c1cd-ad05-4e3c-b607-983af1428a23}
694,470,96,{5a6376a3-b878-4c8b-aaa5-e7c2ff43bb6a}
695,582,95,{615facec-9d04-41b7-9f40-dee0fa40a865}
696,516,35,{e2d74ba1-c2ba-472c-a380-eb3e711845c1}
697,2,57,{f7bcf83f-0159-4322-b278-fcd986de1b40}
698,55,78,{fe0e39a3-a239-469f-93a1-06ea03f2327c}
699,606,60,{33dc8184-9b0a-4ac6-b88f-b60333276309}
700,544,60,{549bea8e-1660-43e9-9140-7673429eb6e9}
701,268,36,{d9e81ce0-51a4-4b96-a868-ed0031a32e92}
702,410,26,{9eb67767-f69e-4b06-ab45-7e221d10ba32}
703,833,77,{934ff96e-b292-46b0-a667-8da1ea99f0a8}
704,363,30,{3633e5c7-88d9-4aab-a955-4e8d49758bab}
705,25,45,{037d9f72-b4b2-49b5-8a6d-1397fa97a02b}
706,465,96,{614acfd3-c2b5-48b4-ab1e-047ec11ccb5c}
707,612,50,{6b17f9fc-91ca-45e9-999e-1c39e48ee10f}
708,931,30,{0b7aed35-a84d-4b93-8ecc-dffd6d077e0c}
709,375,87,{f37b7936-d71e-4d3e-8584-380ce6e39318}
710,480,91,{3c29ccd0-127f-4dbb-8cdd-c238577a23bb}
711,163,50,{da2e0bae-00f4-4735-a92f-b65c9b3eaaca}
712,764,65,{6b103502-45d4-4553-9b3c-a0a3b53adbe7}
713,129,58,{46b934ec-6d16-48f6-948a-f49cbb1877ce}
714,770,82,{cb75b8ea-f819-4a0f-ad16-0a112f38637f}
715,534,33,{3c69698b-46c6-435f-8a16-f82552092223}
716,455,50,{47238537-7006-41f3-ac3d-060b922c50a5}
717,22,36,{62126470-4d90-4106-8b3c-6b8788bdaabe}
718,747,94,{8cb7606f-0727-4e0d-bff1-ed4aaef2be6d}
719,859,29,{4733a037-2561-4cc3-8c5f-601fe21c61a8}
720,389,40,{92aea84e-df22-40a9-990a-2cd6dc733ab5}
721,538,30,{6a3b6740-79dd-4a3b-a0a1-89f3dde0b139}
722,914,48,{64fe2675-227b-4e3c-909e-d12c6a736686}
723,768,3,{d3064675-fa1e-460f-895f-4dbd51d31ad8}
724,223,30,{1c5e8203-1e60-49fb-8d74-c320902e63ec}
725,66,59,{72a9ccde-d258-414f-b050-6aaeb876a057}
726,731,78,{6d97805d-f60b-4d1d-97cb-c57a52fe9679}
727,621,84,{49afc7c7-1321-4d02-bbb8-089db31b4af1}
728,808,8,{3f10d307-2466-4290-bdc0-7236cd8a4d8e}
729,623,28,{7205a65d-49c7-4a5c-a392-4988a30283a1}
730,556,61,{3051eb7d-0ba6-45ed-bb81-a72f19dfaa17}
731,976,40,{57a947bb-b04e-4c5c-934e-76e3079a8407}
732,174,88,{cb14f488-b851-4fa4-b8fb-eac21ac43740}
733,519,50,{d96fcf0d-3031-447b-91e8-d8079288659b}
734,518,5,{3b7a6b09-5194-4695-98e6-3071674f60f2}
735,450,85,{8b638f1c-385e-4a26-a612-e80f99a7dbb9}
736,252,90,{c25c2360-b57a-4d5c-8115-ff3163bbc389}
737,562,26,{111e4218-d3e1-4c50-9347-eb3c5c98a5f8}
738,9,81,{da3a8537-d00f-4a98-bca6-148cf728c1a1}
739,964,17,{3578f78d-205a-475b-a99d-c4ad3f0429ce}
740,41,99,{a92fa2d2-cea6-46b9-bde2-f822c4c26469}
741,181,48,{f0c611eb-9b88-44d8-927b-fe42d5a57f5c}
742,23,40,{303a396a-d99e-4933-8417-375b864f04f7}
743,415,78,{364b7851-bb56-4c0d-85fb-44c40aecad61}
744,906,28,{08d970df-1878-48dc-b731-69600ffd41f3}
745,654,31,{9fad8ad5-11d7-41b9-bee7-088318442a74}
746,944,18,{49ce0e51-32de-4815-a070-5e06ace87e26}
747,842,42,{6c3a0af5-2e19-43eb-a7d6-38488fbb6505}
748,118,2,{827c2af0-f3a3-4433-bc32-c38fae5490ed}
749,765,27,{cc50edec-bc54-415c-b9bd-d6f2979665fa}
750,594,100,{c52b060f-c113-4ded-a653-78feae201eec}
751,138,23,{25c438a4-d85e-4765-a2c2-09f49e423ee6}
752,721,100,{8daf461a-3661-455d-9d22-48d44a370eb8}
753,144,12,{684ddb66-b81f-43b6-9ddc-187cf9c31258}
754,889,22,{d41ed361-9109-4e2b-ae48-e7ea539a70ef}
755,893,67,{6fd5d39b-1930-4ee9-8b2b-b41ab661d4b1}
756,97,18,{cd69f02b-62fd-4c3d-aa02-1e10945a83eb}
757,745,96,{5a6376a3-b878-4c8b-aaa5-e7c2ff43bb6a}
758,624,71,{de46a861-1522-4c84-a068-fe4b10c5c8df}
759,35,97,{f9df0cda-5eda-4007-b39b-7defd6afc6d7}
760,494,21,{d60a0fb7-eff7-4a19-a8f3-989ed38b82df}
761,398,3,{b24528df-8df1-416a-a4f7-71831ad4030e}
762,93,47,{11060261-770c-4db2-9868-f4a6add4bedb}
763,220,64,{e9a485a4-4ad2-4c9f-bb86-6786a1432a46}
764,516,60,{a2cfe137-d908-4d6c-8b78-291dc669e35c}
765,890,82,{7f899a6b-7cf6-4723-8e55-b8b85550f0b8}
766,495,11,{a0d09d2c-3783-4a45-9e91-c0c623f7d603}
767,346,61,{3126f877-96be-4888-b47a-02f27450e8c5}
768,583,85,{f40394c2-a060-4812-a0a8-de649fbf2ca5}
769,615,42,{5dc1c144-1b6b-47d5-9570-864e6fed2217}
770,524,46,{5b06b6f5-a6bc-4ab8-8a17-a050c2bd1ba8}
771,525,7,{6d4714a5-a507-441f-a272-1427d7db8d20}
772,152,42,{914e1ef7-1494-432f-bf75-b888d34cb315}
773,323,8,{4513b428-ee6f-488d-9ab7-b9c1f8c48400}
774,244,47,{96897399-7c45-4d5a-9909-06389c65a944}
775,182,61,{2c43e183-0f96-45c7-8f75-f56f70d2dd66}
776,469,91,{18e33ed4-4e64-48d4-a9b4-48fc01d18d55}
777,297,86,{e1276f80-ae68-4065-b2de-82a8a949b191}
778,650,71,{ed6e3c9f-8f8e-42b3-b582-f35f6bbd3359}
779,139,82,{33038466-0497-41fb-8c12-f54458319fc2}
780,830,20,{f39d278b-39ae-49b7-8b4f-e630cf7f8781}
781,378,87,{431da60e-2f6e-4141-9c8c-770551ff690b}
782,308,59,{a1f2585c-04d0-43b9-8431-bd40a0b7db36}
783,167,58,{b482a0ef-8e1c-4ac3-a837-67674ebbd9e5}
784,952,14,{d9c07b50-7fee-4495-b814-cde874b9946d}
785,363,19,{84e54e23-4d5c-42db-aaa5-b87951c422e8}
786,321,20,{44687fb6-55cc-4d92-ae24-e4eb7d9cdc0e}
787,617,41,{715192fa-4d76-4c60-aae1-50a2af4806a9}
788,209,94,{684ddb66-b81f-43b6-9ddc-187cf9c31258}
789,692,36,{099af05d-b30a-4535-ad97-f4bd59bb5e69}
790,526,21,{9bd1d4cb-a029-4ce8-bbe3-c92ed7e48f91}
791,933,41,{836dd892-5b1e-4806-9c48-a1181bdf54b0}
792,38,51,{c6926905-18ad-4cc9-9754-8f09cf02ee11}
793,686,9,{8305c0d2-2356-43f5-b28b-3a11d32ca150}
794,542,67,{1d6f718d-17f8-46b2-a108-057957fde538}
795,862,42,{dcc759bf-5b76-454b-94c0-13bc705a258a}
796,57,62,{eb42bd88-69dc-42dc-9b62-cb2f81135d56}
797,188,95,{9f4a16b1-6414-403d-a39a-350a08241b51}
798,326,8,{969569c0-8d54-4fd1-bf0e-f6e7f66f6374}
799,44,97,{60666981-4f4e-41a2-b34c-b5503b488370}
800,899,47,{32c60c4e-66b5-4a57-9634-0357a27a70ad}
801,267,42,{37536885-e542-4175-ad85-b4b650d54fac}
802,583,56,{3b7a6b09-5194-4695-98e6-3071674f60f2}
803,722,91,{5f9892ef-fab4-4843-940e-bc1cb73a0576}
804,806,93,{16aab93e-53ee-403b-8838-396a4ea28947}
805,770,26,{d41ed361-9109-4e2b-ae48-e7ea539a70ef}
806,845,2,{c5922922-42aa-48a3-b376-b2bba31c7b75}
807,663,26,{d1394a11-3b07-44a9-9fc7-e9a5776b9433}
808,607,76,{63d38e7c-9a19-4898-af43-2023cb1b6684}
809,625,23,{8d41de0b-33ea-4680-a69e-cd63f2f5c04a}
810,201,89,{b4512f96-4a6e-4547-ae6b-293eefec266b}
811,976,94,{3a504219-9246-40c0-a45f-428c98dcdb3c}
812,597,16,{5680868f-87e9-4047-a530-e76a6de29dc2}
813,144,24,{a972350f-0783-4b06-8262-a53db21c0608}
814,244,48,{d9c07b50-7fee-4495-b814-cde874b9946d}
815,86,60,{238ffdd3-9591-4348-9473-d4333bf1314d}
816,47,26,{072ccbdc-1711-4a0b-bf9a-ef42dca19d45}
817,644,23,{5a7d2d95-ff87-4016-92e8-a0635ae810da}
818,792,99,{4e5b68be-c7a5-41b4-944b-879a5bdceed9}
819,968,23,{5603bfdf-6754-4f1b-8c53-e2c8ee466617}
820,626,50,{b2ee22a0-ef81-4281-8215-20f20c0bf5a2}
821,585,1,{ac1eaef8-5822-45ee-953d-746a75d5f574}
822,529,22,{69c34dca-83c2-42bc-a003-4d1b2b2e936e}
823,918,76,{7d6d0159-07c1-4354-869a-0eeb1d742ba5}
824,682,30,{938dead9-9c9b-4c6f-9901-b8c7d24bd584}
825,489,26,{3daa4190-8847-47be-91d4-5b3c3841437b}
826,590,33,{3d992956-e19d-4067-aa01-f0c07b65eb68}
827,901,55,{4027d5db-8bb3-4af7-b513-fb3c26a64068}
828,771,4,{756bc3fe-360d-4405-9cfc-9ed084428c6b}
829,51,13,{c7167318-cbe7-4ce5-a832-f30b678210ab}
830,229,18,{29579284-fba9-4b61-a85f-27955db31038}
831,376,27,{a0d09d2c-3783-4a45-9e91-c0c623f7d603}
832,765,35,{5b6b31d8-2b34-49ea-82a4-1fdc778abd06}
833,486,94,{c0d62940-1854-49d0-988a-60b6e34e577c}
834,712,24,{b7685bb8-3fbd-4649-96c3-bd505cd3a97a}
835,657,19,{97df4b90-fe96-4aea-a749-de3bb65dbe37}
836,546,23,{a1b66005-8acd-4056-b00a-0a81c96ec754}
837,783,8,{ff3ddb44-44a2-4242-aaa2-425a6923f31d}
838,581,68,{e226b0ca-1be3-458d-b1aa-76185fced417}
839,259,44,{d96fcf0d-3031-447b-91e8-d8079288659b}
840,57,17,{e47a96f3-844e-4d07-b55b-87850798c690}
841,757,16,{53093c2a-81eb-4057-9314-920cdfc093c9}
842,61,33,{72a9ccde-d258-414f-b050-6aaeb876a057}
843,783,36,{8dee82d6-4429-4aab-ab61-fc0dd0baed68}
844,319,79,{9bf3db7c-6236-4afb-84b6-d47a13578c88}
845,949,58,{d78d2a06-94a1-42a3-9f5a-7bebc7dd7ac8}
846,217,26,{9c07f5ec-2673-4c7b-ae81-8cdfaab35029}
847,958,59,{82fd7ff9-c072-43ca-b69f-d994e5a90661}
848,925,59,{f42b6ffa-b4db-4041-9335-86e767abad3b}
849,575,86,{7b238ab2-11b3-4c00-bcdd-24995127e661}
850,499,100,{51305666-6ae7-46f5-a6da-abff754c0163}
851,272,15,{a0d09d2c-3783-4a45-9e91-c0c623f7d603}
852,845,98,{c908551e-26f2-431b-b377-4a7b89306536}
853,670,83,{17c85a2e-609b-4562-8020-25202eaff21a}
854,444,48,{09c7b1f0-1adf-4d1a-9f70-07a5d00238c3}
855,826,92,{826568b2-9074-46a1-b763-2e6fc9aea549}
856,972,76,{dc85447c-ae37-4311-b45e-0a02f33beae6}
857,585,29,{8dec20d3-74bf-4104-97bb-e4bd11448184}
858,223,76,{fdc7219e-2ccb-4d31-b197-ffda7133278d}
859,459,78,{9222be57-b30a-4988-a144-b4b69773fb55}
860,418,88,{8f412c8b-fc87-4bff-bb0d-897dff83f21b}
861,319,2,{56007b58-e7d7-4400-99c5-e996d18b90a0}
862,1000,23,{cb75b8ea-f819-4a0f-ad16-0a112f38637f}
863,830,88,{2c6ec20d-dae3-4b0e-b859-172ad8afd065}
864,822,95,{d41ed361-9109-4e2b-ae48-e7ea539a70ef}
865,697,27,{8a2103b2-a4e6-420d-a0d5-a70d1b0113e0}
866,306,32,{459986ba-33f0-408b-9ba1-0015b4722b1f}
867,966,20,{b958c32b-5e97-49e2-a1c9-b4d0442ff3c0}
868,796,75,{16aab93e-53ee-403b-8838-396a4ea28947}
869,314,4,{3e19349b-f221-41c1-a2ee-3d9b02092a4d}
870,905,22,{ef5a85ff-d51b-4a88-8274-9ed373ac0e3e}
871,582,63,{e75e6f64-070c-4f6a-af70-c0beee682741}
872,296,69,{826dd2f7-86ca-4507-9c01-99ef937a29cb}
873,100,45,{226fbb17-ff01-4099-a1ef-2fdefc34183f}
874,587,17,{b5616d8d-48d2-45a8-bdfc-08942c16d8c2}
875,693,96,{902f8a83-22eb-415a-9705-2aa4545a3bd1}
876,152,21,{34c6dac1-0648-4d05-a39b-c36923374556}
877,735,28,{be828bbe-98c3-4331-8ea0-a63a124c539b}
878,517,71,{86536c1a-2493-481f-9bd1-0e39846473cd}
879,824,60,{e1076105-fcb4-4ded-ac83-878d8b15ab61}
880,480,38,{5f5b7c36-9b85-429f-b1a7-e1c57cb62f81}
881,930,87,{9348d435-bb7e-444a-a59a-a3518fed3eca}
882,297,53,{3d992956-e19d-4067-aa01-f0c07b65eb68}
883,304,29,{ddc9ee64-5661-41f3-affa-70721ab2f4c8}
884,529,27,{c931c2ed-5655-4e4e-a39d-d95d1305ca82}
885,792,92,{138173b1-614d-4621-9a98-329449f4376f}
886,461,56,{0099362c-c1e6-49e3-9bc7-405cc696d456}
887,130,21,{1d49109c-bd8f-4b97-bacc-7f86753ff9ff}
888,823,29,{21f1871e-76e4-4ae7-bde8-d1a3e8883aaf}
889,296,89,{3f1db9df-79de-48aa-a736-b82fd5d79828}
890,143,82,{0ad50811-7091-4f16-aee3-8593acde0fa9}
891,866,45,{2081c67a-eb3d-4631-8263-ea757f7a4ff0}
892,896,14,{0cbd47f8-538c-48c3-a933-a95d4c757cc6}
893,864,56,{fbaa392e-9c92-4edd-ba53-3d54f67dd15a}
894,546,5,{ff631b2b-dac8-498c-94bb-cbc409605bb6}
895,960,37,{acf9fd52-75f3-4468-95b9-e49a2b455867}
896,232,65,{cb2e1f62-d8fd-45cc-993a-6f8d648b303b}
897,942,97,{0542afd8-d532-495d-9245-799aef8da588}
898,770,45,{c0f80672-be5b-411b-a485-7d3615cf57ec}
899,742,57,{d23ff2a0-2041-466d-9ee6-8d9f4d565c2b}
900,653,93,{89b34f38-bcea-47d9-b2cb-129d6f47e255}
901,420,32,{9a685218-3f89-4513-824a-a87820f63275}
902,663,13,{93eccbc5-916a-4c69-bc83-0bfdc986c84a}
903,810,32,{8f0e8c3e-2f6c-422f-b52c-f78b9826baf2}
904,920,94,{91202445-19f8-477c-9b9e-7bb8c86afc48}
905,327,94,{35ff9ed4-65f9-4d1e-984d-0c2e79478bd6}
906,102,62,{1b13b8f9-3253-47cd-bf2c-224f7cee4672}
907,13,62,{649cf639-5339-4a0d-afa9-ed9aacbad6f4}
908,205,63,{cf65a6b5-51f9-4eb0-9244-667e6d91aa66}
909,668,65,{38b4e27a-ebc0-46b3-8a4a-c4c8d6f957a0}
910,533,30,{e1b8515f-b38e-4493-8c95-4a4b0178f3f9}
911,180,73,{380542f2-363a-4cba-905b-e060de3d7c35}
912,566,91,{afc8dc4d-ac56-4c03-ac63-0934fd8c6151}
913,772,30,{189c2933-8012-4841-919f-20fb56efd608}
914,908,84,{d865eaff-2e51-4b96-943e-c4822fe5cdce}
915,779,68,{176ae334-0b8e-4e97-b317-7dd7c822b02d}
916,437,13,{4ac8aa7a-913a-4729-9281-06f7f52f9b45}
917,903,5,{432c82d7-c1f6-440b-b5b1-f23ccdfdab4d}
918,846,73,{c33602db-d8eb-4906-b3ee-baadc758387d}
919,10,47,{6b158925-f0ac-4dc6-b1b6-f5a501eb516e}
920,989,96,{7fc0202c-a28c-491e-a300-5a34bd88b31c}
921,129,79,{bccaf508-288f-49ba-9507-f07cdf22b4cb}
922,201,92,{e1a58699-c79a-431f-959f-2492be2dd6f5}
923,914,37,{4687e80a-2e10-4529-a190-d63979f1c396}
924,793,18,{21f1871e-76e4-4ae7-bde8-d1a3e8883aaf}
925,407,35,{f31e6dec-8638-4233-9098-f5f7680b4dc5}
926,973,24,{fd84a36a-5ff5-42a5-87ed-d337b5810b2a}
927,505,89,{c3096c18-ca4d-4804-9322-0dd416449c98}
928,310,16,{b5616d8d-48d2-45a8-bdfc-08942c16d8c2}
929,334,43,{0ce4a9c5-621a-4116-be23-c7dc8cbebd8c}
930,940,100,{eb42bd88-69dc-42dc-9b62-cb2f81135d56}
931,669,81,{4bb0195c-acd3-4c37-913f-01cc60657be3}
932,851,31,{4ef0db4f-cdab-4f2b-8452-35ea731d0d7a}
933,844,4,{af1deeff-447a-450c-bbaf-161c224f0f75}
934,133,79,{383d8520-54a8-4562-97a9-0b4912d73546}
935,229,78,{d04a713b-ae9d-4b79-abc7-1be8e4c9e6a5}
936,909,27,{3d64f7cf-fbcc-4f13-ba2f-9f8a2edb4e7d}
937,470,61,{27beb555-c8a6-4aca-b01a-461b868d52e3}
938,44,26,{7ff7fcc6-b9bd-4bb8-b03f-3f3530590760}
939,899,67,{1a03d986-d4c0-4622-9d4e-1e42a14e6fed}
940,425,34,{3ed607fb-559c-4c5b-a3ba-fe1a18d62b2a}
941,54,27,{303a396a-d99e-4933-8417-375b864f04f7}
942,17,74,{72cf684b-bdc7-4877-877f-2effad480823}
943,300,58,{d3064675-fa1e-460f-895f-4dbd51d31ad8}
944,292,14,{851abe15-f3dd-42fb-b812-1abdc9378613}
945,614,29,{8c330f21-a931-49af-af61-33cbb7065404}
946,433,91,{1a809939-d58a-449c-98f0-72519c4237ad}
947,695,61,{02ef1aae-4a5f-480f-aa05-1efc649793e6}
948,188,100,{dc85447c-ae37-4311-b45e-0a02f33beae6}
949,301,25,{41ae294b-52c4-4a00-81de-51d0eeba031a}
950,67,78,{5453fc18-9540-4e74-baa6-77a7c9d3318a}
951,369,58,{aae2688a-ad59-4e0d-89e5-1852a5bcff4a}
952,206,1,{f6396f70-a42f-4bbc-b831-97f0acc450e1}
953,726,78,{431da60e-2f6e-4141-9c8c-770551ff690b}
954,875,27,{989251ae-47a5-4a26-8c60-74b57ba5b61c}
955,899,87,{d56a1c14-384d-447b-a900-62a4c072a8a2}
956,745,15,{72cf684b-bdc7-4877-877f-2effad480823}
957,567,94,{c3096c18-ca4d-4804-9322-0dd416449c98}
958,964,85,{ce43aa6c-26de-4ae3-b9e1-e5e784825c95}
959,560,70,{05772b6c-cd99-42aa-8b7c-67932fda0eb7}
960,501,59,{a22e256e-b802-40f6-ae92-dd597f02d9d3}
961,351,81,{87851043-f18f-49a1-8867-380807dcf686}
962,490,85,{27d7aa14-21b2-41c7-a617-fb0739d1d7a2}
963,820,48,{c6ef0117-a3ee-4481-a202-05067711ef59}
964,140,42,{dfd73b0d-5219-46d8-a8e3-a1d4e6ff601e}
965,761,99,{d3ff638d-2e16-478f-91a5-411798123ef1}
966,499,32,{ce7e5151-0c5f-404a-9f9c-19082bfb67bf}
967,567,66,{c6995567-50d1-4e6e-8106-3d322977f4ac}
968,963,13,{6c3a0af5-2e19-43eb-a7d6-38488fbb6505}
969,46,10,{af9e0b28-f39c-4167-b709-cc259374acef}
970,983,17,{176e5329-d9a6-4046-93af-c9e122e05121}
971,384,84,{69503a5a-fdcf-4f92-86f8-93d6171cc209}
972,234,97,{b388fa48-3b17-4649-8725-0d76d18f053f}
973,931,75,{cfbb3495-5d97-45bb-8961-3ee0633627dc}
974,19,91,{054ffc7c-f8e9-4295-bb9b-bb38a3ba3b85}
975,753,23,{b5f4a6a0-4ca1-439e-a58c-d1f089a74d21}
976,264,38,{d8079f44-3039-4109-a71e-8fa47a699f7d}
977,14,84,{b01df045-a189-4766-82d1-829da56b70e2}
978,531,85,{33038466-0497-41fb-8c12-f54458319fc2}
979,906,50,{cfe985c1-078c-4701-8aee-c6b003bd11cd}
980,367,89,{18fc79ab-e519-4b3d-8efa-b52309fb1c38}
981,442,36,{11b32f80-4176-4680-900f-32a37c65a6ca}
982,982,68,{303a396a-d99e-4933-8417-375b864f04f7}
983,599,88,{8ec2d548-ab47-42ee-95f1-00eb2eb4796a}
984,187,14,{56007b58-e7d7-4400-99c5-e996d18b90a0}
985,50,44,{3d992956-e19d-4067-aa01-f0c07b65eb68}
986,689,16,{283798d4-71d6-4d88-83f8-a90ce126589b}
987,745,92,{c33602db-d8eb-4906-b3ee-baadc758387d}
988,510,78,{236a2b8b-07d0-402b-80f9-e77533d0c9f7}
989,865,53,{96b95069-381c-4a87-a4e3-ed61177deee9}
990,248,62,{cfbb3495-5d97-45bb-8961-3ee0633627dc}
991,451,53,{3f92756c-d220-4fe8-b7ad-61e0fdef4211}
992,339,59,{d60a0fb7-eff7-4a19-a8f3-989ed38b82df}
993,65,96,{bc681347-3ada-44c7-a669-523cc0f12d19}
994,720,24,{074a5a7a-0e74-4b2d-8eae-e0702b676581}
995,777,48,{ca50920a-cd5a-40e0-a8c9-af2f222266f2}
996,164,34,{3051eb7d-0ba6-45ed-bb81-a72f19dfaa17}
997,411,12,{bc685d29-432c-457f-808a-5887240635fd}
998,185,9,{d39f018a-7d3a-4a48-84da-f049cd36f2e2}
999,841,6,{75e2191b-9641-4c02-add4-b44037f50803}
1000,844,29,{5f81119c-64bd-4217-a27e-f8588e2d8db9}
