Amount,PaymentDate,CustomerId,InvoiceId
0,2019-10-25 22:53:08,b7ae6465-a37e-436e-a886-23c19ab2656d,894
858.44,2019-01-22 12:32:38,4e561607-c15a-4560-ba03-1e942859f30f,755
3620.08,2020-02-19 02:42:55,843cacdc-8b9f-4d84-8c6d-352ade8ea09f,254
238.24,2019-06-20 06:12:39,30a3ba2d-99f5-4165-9663-aaffd598cf62,295
2701.28,2019-02-16 01:47:04,53a5c864-a43e-4fe2-8fea-5a91b9f90de1,947
341.68,2020-03-01 20:18:46,7e4c4d35-2d55-419b-bfd8-ed9fdff40d6e,822
1145.45,2019-05-01 05:51:17,211b0f96-82ff-445a-9aab-0585f99d3758,675
0,2019-04-27 06:49:40,f746cdca-2231-4a73-b44a-0e8b4c46de8c,315
0,2019-05-06 00:07:27,b8bc9f77-ef56-4be2-abda-c99edcdb368c,24
0,2020-02-02 03:51:56,6e9dc2fd-87c8-462a-9318-8a45e1321ba2,68
0,2019-01-02 00:23:21,17a3addc-ec1b-4842-9918-a5ac7a6d5458,930
276.59,2019-03-21 16:59:29,19a0c27a-6399-4439-8dac-02bc455ad2de,996
0,2019-07-16 05:54:09,898dcdcf-a95d-4bef-bb76-32c41a00e49a,67
1646.66,2020-01-27 14:49:14,2b660037-41f9-4f35-81c7-d89b25c343db,796
0,2019-03-24 19:17:45,e8decd48-742c-4bea-9228-dde5ac1a87c6,192
1145.11,2019-08-29 15:23:47,52543c58-e820-4e16-a02c-cd5d83f4ee46,393
800.77,2019-10-07 08:54:32,db370b5e-16fe-43f1-b5db-57517d48fce6,536
540.75,2019-01-28 08:45:45,d5b9c6ef-7ee5-4959-9d25-519ff7f9c1c6,217
860.7,2020-01-18 14:49:50,7c7cdecb-ea53-4714-ae60-c96b1d8b0305,522
1062.68,2019-07-31 12:33:48,731f5aae-accd-41e3-a407-b7549ca22d1f,320
0,2020-03-10 13:54:23,8a7599ba-8d0a-43ad-9d05-fd442dd2c546,793
0,2019-10-25 07:09:31,f92b078f-924c-484a-9384-5ae4b6c9ae6d,869
0,2019-04-06 17:57:23,1cbb4ff5-ecce-4c15-8c45-d0e4c1aa6c2e,284
0,2020-02-11 09:17:03,fd33ef28-c65a-4c14-9bdb-bad712630756,767
606.08,2019-09-27 20:37:24,84723f04-d1b5-4c6f-879a-282bc0991cd8,306
4042.8,2019-03-15 13:59:24,471496ca-33a5-41bd-ac83-ce6a97c541ec,904
453.05,2019-09-02 03:59:06,229cec8a-0c7f-4a0f-8a43-35ee28d65449,717
0,2020-01-28 13:00:05,4ea03f6f-6d70-42cd-9613-ee4c34ad17fc,460
0,2020-02-16 10:03:59,fff0cdef-1272-48e7-8de0-7adf1a560c33,241
1371.58,2020-01-01 17:34:17,bcc94102-3606-4bff-8e74-12114f952e76,945
0,2019-05-13 23:11:22,e97f9305-5453-4e6e-9bf9-6c3a286210a5,222
376.82,2019-05-27 12:35:05,d406284f-f197-403b-9d01-e84bac2fcc5a,389
0,2019-09-28 12:03:49,8e152fe9-61d2-4e07-b211-953c72d03537,145
0,2019-08-01 16:42:24,2439e34f-802b-476b-ab21-b51ce42ccda7,427
0,2019-07-06 13:11:50,a0dbe104-d657-41ff-94c8-a98d2ff4129d,438
3686.07,2019-09-10 10:43:37,2f75ab4f-0994-4f40-b719-261bdf41aedf,255
0,2019-09-03 03:09:26,6aa8aa03-a545-49d0-b5ae-9b33cb7bca5e,16
0,2019-06-29 06:46:32,402a775f-b150-4230-9ff6-1d27c5cf377a,767
2215.3,2019-10-26 16:55:52,471496ca-33a5-41bd-ac83-ce6a97c541ec,114
0,2019-07-22 04:39:07,6578dacb-4913-447d-89d7-63efdbd03c8e,304
2345.95,2019-09-14 15:33:07,ea234ae2-9183-4404-921a-435ce80f9dff,650
941.06,2019-02-24 09:44:44,706fe6e2-7fd6-482e-89c5-8ae0bdfd6d71,78
0,2019-09-02 15:03:46,2f4aeaba-7963-4610-bb45-3d8bac7dadc5,831
361.16,2019-06-18 12:02:38,670e87e4-50b3-4b0b-84be-7b7132848487,915
0,2019-08-28 00:46:50,ad53ddfa-2373-4b3e-8e5f-84d9bc317dc6,144
763.87,2019-11-19 07:38:27,f15e6f53-c70b-47ed-8e6e-b6df3646d8c2,261
3775.07,2019-08-05 10:13:15,58bc0150-de01-43aa-b087-0a59a208bf46,238
0,2019-03-10 23:30:51,402a775f-b150-4230-9ff6-1d27c5cf377a,802
472.94,2020-02-22 16:07:49,ab4db502-e55c-41ff-b60a-7799c3dbd9be,86
0,2020-01-04 09:07:20,cab2ac3a-d5ec-40d3-90d3-1fb023aaea01,944
24.03,2019-03-21 15:05:23,d493885a-b9b5-41b1-afed-0fd3e44596ac,877
1130.01,2019-04-09 13:35:11,fe30bda3-3f4c-46d3-aec8-a3f5d6e40afb,310
2862.67,2019-04-25 18:46:24,bc71ede1-de4c-46e6-9b7e-5c9ea2dd48cb,54
162.47,2019-07-20 07:29:56,51bc94cf-fd94-4a72-9a0b-b472ae621946,740
3626.43,2019-07-02 17:32:18,0157607f-724c-4866-8fb5-5d47af2c1b2f,8
0,2019-05-17 09:06:37,9795bc70-cab7-4c94-ae09-517d2ee1d712,856
985.79,2019-10-04 08:23:10,c847a789-e0ea-4bea-9ced-f2541d5d4a16,638
2650.63,2020-01-03 17:06:00,78ae8dba-c907-4a2e-9513-f2dc9b05c6a3,211
1702.28,2020-01-22 00:53:54,b3f07fa9-39ee-4c6a-8441-d11266d7f5aa,654
3375.17,2019-06-06 06:37:27,0f9bf953-2846-4f30-9945-5b14c5cc5bd1,912
0,2019-01-04 04:50:35,be91390f-4a36-4708-8a4a-e9b76ed061e9,785
4122.32,2020-02-10 20:07:08,246e1ab3-c181-4e17-9335-11b9bb5d5bf4,732
0,2019-05-25 12:49:29,6cae0b1c-da31-4e5e-8573-a5010d20c5d9,691
0,2019-04-20 20:41:51,ef26aa88-0a44-4ba3-a229-642e2db6202f,17
0,2019-03-15 21:58:11,9562513d-d406-4dc0-992a-49e89fa14e03,165
0,2019-01-30 22:19:20,c6524225-7c4c-4282-8dc0-bed08ba6a562,520
1838.13,2019-11-22 00:53:08,bae0ceeb-ba51-4329-bcf8-1e78bfbf80f3,613
0,2019-03-05 11:27:33,52543c58-e820-4e16-a02c-cd5d83f4ee46,107
513.65,2019-05-23 09:08:13,50d2041d-3e0e-48b9-ab78-d68237a48ef8,411
985.79,2019-04-19 23:26:32,9f257d86-c7d8-4018-90ee-0487e51db7ce,219
0,2020-03-09 05:21:55,512aefc9-099c-4e01-bd09-9950c1586775,64
0,2019-03-29 23:41:13,3042d995-3cd1-4a32-93d9-a56e8f209cb4,20
0,2019-03-24 02:21:53,0256f836-eed6-4b84-84bb-2100a59e74f6,456
2081.41,2019-04-15 11:15:07,b3f07fa9-39ee-4c6a-8441-d11266d7f5aa,485
14.05,2019-05-26 01:31:39,c9deb442-5c52-4968-8582-a48b0c1295a5,312
0,2020-02-07 08:37:55,2a461f3d-f74a-445d-aaaf-b10384c9337a,255
470.2,2019-01-13 15:32:54,4a186302-9255-4e77-854d-18a6ed3d9d32,581
4369.83,2019-07-01 15:52:28,f1cd0935-a265-4bf2-b9b1-fabbca2e461c,556
3343.68,2019-03-16 09:39:51,6a12402c-9df5-49e7-b33a-813c48b075e3,933
0,2020-02-19 02:37:34,6cae0b1c-da31-4e5e-8573-a5010d20c5d9,731
3560.5,2019-10-03 14:39:07,12e030e7-cca9-4ade-83a1-78256e2ad8f0,482
4421.51,2020-02-11 21:12:15,0ae386a0-53c3-42a6-9602-1ba61b213b9b,482
0,2019-01-26 22:29:13,0825d01c-18e2-4fb1-8740-3b16acfd96f6,58
0,2019-02-28 10:57:08,08cb566e-6404-4b22-9ba8-86c37d398616,419
0,2019-09-18 18:33:17,34225af4-db09-4113-a1ef-85619e683b92,626
1912.48,2019-08-30 00:07:06,c847a789-e0ea-4bea-9ced-f2541d5d4a16,622
1673.82,2019-04-06 05:54:27,38e9d84f-f602-4589-a203-bf69e2216c3a,814
1411.43,2019-12-09 19:48:12,e526a378-041c-4adc-946b-23eab41185b9,74
1566.63,2019-09-25 11:17:16,aab3c454-5eb2-4889-8c85-787f5f3cf4f5,286
0,2019-09-21 11:45:00,be91390f-4a36-4708-8a4a-e9b76ed061e9,678
0,2019-03-02 05:56:01,36958a5a-7346-4271-b56d-3812a7c9774e,773
606.08,2019-03-09 01:26:49,40ed5acb-c620-493c-8464-f0a5981b6184,942
0,2020-03-11 06:29:08,b2f484db-a1f0-4ec3-a317-a82033a59446,488
0,2019-01-29 21:17:33,52302313-ff7f-45f4-afad-82c1657b1a95,877
160.7,2019-05-31 13:00:36,07c3d6a6-5d5b-4848-855e-eb18ea18fb0f,811
193.7,2019-10-24 20:37:40,a55ed2a8-6af2-4389-87fc-83a5b67f8361,946
0,2020-01-18 12:54:44,2c67bfbc-94ed-4487-83a0-fd97f13226a7,850
0,2019-05-22 16:28:30,b3b8d3c0-af70-41bf-be3f-06ac0eb60baa,206
0,2019-03-17 11:31:15,b49cdb7b-17ff-44de-bd1b-e6ae48ab7c26,647
1449.49,2019-12-15 19:10:11,dae6552e-c097-436c-bb4c-9fbeada6273e,331
0,2019-08-21 09:30:32,366caaf7-736e-4323-a401-f3a09228bc39,700
242.37,2019-09-20 13:43:10,df3d9e53-0795-435f-a4be-4796362cdca5,432
636.77,2019-06-16 23:58:38,ccab1bec-309e-4dee-87f0-cedccb26c251,144
0,2019-08-15 15:09:52,ec1ad70e-ee13-4e27-8351-6105e2c1cb0b,589
274.77,2019-02-12 07:31:21,edcecfff-9d96-4b4f-9b3c-85a1a9335089,833
0,2019-08-04 06:27:23,84a1be81-b498-4d65-ba45-adb31fe00b3d,937
0,2019-11-09 05:16:33,e6d9844e-4532-4b1c-bffa-43b1876222b1,818
1384.43,2019-07-05 21:06:53,8774ebfa-602e-4385-813a-fdb596c67540,531
453.05,2020-02-14 06:10:08,eabac877-55ff-4330-94af-11faf9ef6236,776
1487.74,2019-03-09 21:56:40,e5ee23a1-6855-4427-9a7a-ab2a7b3724b1,951
242.37,2019-05-21 17:13:45,a48d9aad-5393-41a1-b294-c4578e8aae43,553
2574.77,2020-01-23 23:56:48,82ccd656-b303-4278-8756-3eef6943eb6e,560
1137.34,2019-09-22 04:10:13,11d1156f-c969-429c-abf7-ab700b14e43b,867
0,2019-06-24 19:50:24,636a8cd4-875a-41bf-a5e7-ea3ab129c0aa,351
3521.88,2019-11-05 01:18:48,2c9f51b1-a8b3-4b6e-8cba-a5b7bb34c21a,656
2962.4,2019-06-04 06:17:52,40e914d6-2986-42ed-924d-09dc94902e66,713
0,2019-07-20 16:59:09,ab631f6f-1e62-4fd0-b656-796ac32a409e,917
2668.02,2019-12-28 05:35:28,a0dbe104-d657-41ff-94c8-a98d2ff4129d,669
798.69,2019-04-12 08:04:34,84c68353-d699-48cd-b684-c9732e04e510,118
0,2019-05-09 00:12:51,84c19842-5c0e-4f9f-9e4f-5344f8a0fb14,667
1710.95,2019-02-02 17:24:39,7d812446-6a53-41e5-b0df-af8bf6a9849e,817
300.31,2019-12-04 00:46:05,404e433d-e95a-4348-8658-3262d2ebb6b8,217
573.09,2019-03-20 05:51:49,6f9ebe44-fd8d-433a-9ba8-fd11cbf07b0b,727
3775.07,2019-12-24 08:42:10,f8694cd5-3409-4cbd-855e-b5b45b88c724,55
0,2019-09-29 00:22:32,458cf7ff-2430-40a6-8fb7-f07884355632,9
1363.01,2019-02-16 23:10:39,5e406635-8fe4-4874-8d7e-fbc1d480e476,262
0,2019-01-04 09:05:02,38383dd1-2408-406b-9cff-42e763413522,531
0,2019-09-21 20:34:12,8ef8a30b-43c9-4d09-a691-aaa6aad720df,502
1866.54,2019-11-27 04:12:00,c3c0ee7a-0643-4481-bf92-41796a5f0e81,686
1269.13,2019-09-27 02:34:51,d9e0a7b3-0e4a-4426-8b3e-8f5eb427c6c3,741
705.4,2019-07-26 22:08:26,e7ab0244-20a2-473a-b71f-7457a9be6ba1,948
2792.79,2020-02-29 10:14:50,39ad6903-45c4-4e4d-9fd2-e9d499459568,278
0,2019-01-24 20:15:13,573574a4-ed67-4c21-89ef-5e7fa8d118d0,842
3327.44,2019-02-12 14:50:40,201beea9-5d7d-4f87-b3a6-8a63bb8a9792,294
0,2019-12-28 20:45:25,96fa3702-9920-44dd-9f42-fda1b0eb2d7c,624
1707.17,2019-08-26 08:13:38,53a5c864-a43e-4fe2-8fea-5a91b9f90de1,937
0,2019-07-10 09:24:28,f5648cad-7ae2-464f-bdf2-47b873d87abc,266
0,2020-02-09 00:00:25,f90ac945-31b4-4a5a-b39f-a1b30e3b7dc8,395
0,2019-04-08 23:01:30,e2b86923-ba23-44dd-a042-90d6387f05a9,238
1555.12,2020-01-11 14:55:18,d3eccba2-cadd-4d9b-a682-8499e4a37688,674
0,2019-10-29 03:28:10,1166e707-0e5e-4328-9d2d-16db9f8bd26d,576
0,2020-02-25 20:10:32,006d04b6-b226-405f-b3d0-f5ae95ec40c5,360
162.47,2020-02-19 07:30:53,b26cf6d0-f9b1-4d1f-b478-7688e429fa0b,534
398.5,2019-09-14 23:52:36,4dff56ff-adec-45d4-a02d-ffaab46f3a94,174
4113.8,2020-01-18 16:32:47,9149bff5-6e9d-4c19-acef-4699ce7852e4,407
0,2019-09-05 18:11:13,7ab5d6f5-8050-4a5e-be85-faf7556489e6,229
0,2019-09-23 14:00:07,8ea8c7fc-1578-4eef-aa85-ae71f9c678e5,456
562.24,2019-01-24 05:23:38,ef497d20-6490-48f5-8f16-a9b37b6d7ced,614
0,2020-03-03 09:43:17,2f7f77d7-c389-470a-82f1-6586a78c6157,975
2533.98,2019-04-16 08:46:40,0620cbe8-4c37-4acc-84e3-3b097a7b34d4,101
1781.4,2019-12-22 08:43:07,dd7641db-030b-470e-938a-1b09b6b5c4f7,149
0,2020-01-31 16:34:24,f29999b9-00bb-4ed0-91d3-beea484c9b66,98
0,2019-01-04 05:31:31,b1f83bf7-9765-4b95-b6ba-c8824db5a1be,745
1549.57,2019-09-05 03:14:42,ecc3bdce-ec92-4a9a-be73-d1844f51f08b,420
0,2019-01-26 11:53:16,41a0c105-d69a-44d3-a765-9f48ff50c543,826
142.83,2019-08-22 13:32:33,c847a789-e0ea-4bea-9ced-f2541d5d4a16,80
0,2019-09-15 14:03:13,f9b477c3-8166-446e-84a8-ee2453024f40,66
2099.75,2020-01-30 20:35:44,7a9fce09-4648-4872-8b85-84b381ad6305,769
0,2019-01-07 07:26:03,b123739b-6c74-450a-9817-e7ff080dc2fe,810
721.55,2019-03-17 23:36:23,d21fdbe5-4d84-4afc-95a1-e48ef3a34c7d,675
0,2019-11-26 23:20:45,f37127ef-1b19-41fa-b742-eb884fdafdcc,675
597.2,2019-12-12 13:26:17,d90f3418-67b6-41b4-b97a-39df9c06054f,224
0,2019-07-17 15:15:50,62d08d3e-ab8d-45cd-9c01-2f6586ccd532,427
1022.92,2019-11-30 20:08:46,f18b11ed-af2e-4581-a3a2-435e0222e5b6,641
142.83,2019-09-07 09:31:11,a453bb8b-1289-40aa-8aa1-3adc8f91956d,816
676.45,2019-06-16 02:37:44,8177a3f1-09f4-4c96-a234-abb79c75f5af,873
0,2019-03-19 01:55:56,76756a0c-0312-4821-8994-853538afcb02,198
809.46,2019-09-02 15:22:54,f3f448fc-6ea2-4c49-a904-71675b527658,260
0,2019-12-30 08:06:44,f57861ce-2c89-4f62-ab56-6fac053f9308,154
0,2019-03-26 17:17:25,08cb566e-6404-4b22-9ba8-86c37d398616,797
1685.67,2019-09-13 13:13:18,c0a8f45a-c724-4354-a0f7-27900e1a755f,564
552.16,2020-02-08 12:42:20,7d812446-6a53-41e5-b0df-af8bf6a9849e,893
3673.19,2019-03-23 12:59:39,10d4ac8e-b727-4210-b754-01bc345089a5,324
2236.79,2019-01-23 17:42:59,bc71ede1-de4c-46e6-9b7e-5c9ea2dd48cb,488
1577.29,2019-10-01 12:06:20,d0c19ad0-73e7-43a5-9679-caccb7688b7d,60
2002.49,2020-01-29 13:49:22,98b7e1c3-a734-4f22-b4cb-cfa6eac4d3fa,824
0,2019-09-29 06:39:43,21d76b2e-0f99-4196-b7b1-ecf7fff27b22,770
0,2019-11-19 01:18:13,a63429d1-4886-4889-b4fa-cafa8231626e,511
1130.01,2019-08-09 11:59:57,4861e67b-cea8-4b3a-91e9-a28197775e9a,789
0,2019-09-21 10:06:26,26016a90-1105-47ac-a9cb-eedea37da02d,957
1039.5,2020-01-08 09:57:07,ebdc7077-f3b8-4cd2-8dba-ca3d42913b38,291
0,2019-12-25 03:10:09,06bf99a0-622c-4943-a842-49ee37e5f3c7,574
0,2019-02-04 05:22:47,1ea043dd-3158-43bf-b82d-77b73300d88b,75
0,2019-03-03 16:12:01,ad76cbd4-b10b-4182-8ec9-ce89365b1edf,920
0,2019-12-28 13:45:38,64398978-a77c-4cd2-9998-83649d4d3bc9,667
1727.95,2019-01-01 23:25:44,8ea8c7fc-1578-4eef-aa85-ae71f9c678e5,505
0,2019-05-19 09:54:21,ad5300ea-75f0-49b3-8bae-d18e66674544,201
1237.56,2019-08-23 12:49:32,7827ed2d-876d-4df3-9890-b3b7991c3d1e,703
0,2019-05-17 00:12:17,1d54b1ac-a6b2-4f18-ac24-222a65595880,380
3626.43,2019-03-21 07:09:12,77f17ccb-91c4-427f-97d2-ad6d4b9a1bd5,526
0,2019-10-16 13:37:54,283ee3a5-1230-4349-b36e-fd0222e94b49,541
264.78,2019-03-07 06:47:13,9ad3a544-dcfa-454a-83ec-2ca90904df0e,49
0,2019-06-11 21:24:15,e5e9ae45-f849-48c2-a1f5-ebf0f7c1e427,224
470.2,2020-02-01 02:34:04,471496ca-33a5-41bd-ac83-ce6a97c541ec,458
0,2019-03-23 05:33:30,c37c5f18-61fb-4637-a515-9b3c4edef011,69
2063.7,2019-09-13 05:57:20,df1f9731-16a1-4f90-9b60-751a77d911c0,113
810.41,2019-05-23 03:13:26,b7fa5f35-6fd9-4ecc-aed9-b24f10ca755d,30
0,2019-05-28 16:30:41,7deee93d-c41c-48ef-9bc6-9bd1c046c2d1,539
200.09,2019-10-08 07:41:40,910245ad-8f45-4f88-8903-a83d649c1c4d,816
2981.5,2019-12-06 17:08:53,99060db7-0b76-4c22-a019-3793bf34ecd8,810
0,2019-05-26 01:39:41,46c74713-9a23-4730-8ca6-176018eea605,517
0,2019-11-19 00:03:40,f9eadae1-35e3-4859-84e8-1935a09aae6a,666
1798.52,2019-06-21 10:49:17,aa35ce7c-f980-4b98-b879-e08562b31b48,474
635.86,2019-06-03 21:46:50,c1defdfe-15de-4456-95b8-bb2db11fb4d2,616
1017.21,2019-04-05 16:11:46,3ea55ff5-63cb-4532-a6df-fc24a562675e,104
0,2019-09-22 21:57:25,d9e0a7b3-0e4a-4426-8b3e-8f5eb427c6c3,688
0,2019-01-02 04:27:42,e14c3a85-ceb9-45e1-843a-bf00e1e89bbd,79
0,2019-07-28 18:11:40,af3d8d0c-9247-4b0a-8cf3-ab478421c1a2,897
2362.45,2019-01-05 19:34:39,6386427e-45f2-4903-b058-703e91026011,573
0,2019-04-28 04:25:35,0e1aa735-0344-4308-9ec6-44bb9dc7a8c6,572
2668.02,2020-03-11 08:01:57,b3f07fa9-39ee-4c6a-8441-d11266d7f5aa,470
999.92,2019-04-03 01:20:47,11d1156f-c969-429c-abf7-ab700b14e43b,502
0,2019-09-13 02:06:52,efb3bf1f-5a38-4f15-912c-2948cd25e7d1,706
0,2019-03-09 17:14:08,c7133cd0-27f9-4fd5-8c37-cb86b6aebd68,591
317.57,2019-08-17 15:09:08,2939ba70-fd09-4ed2-bf46-afa4f315322c,973
3909.0,2019-03-12 12:13:00,4c5fa1e3-e0a3-48db-afba-5c38f1e4a898,782
2236.79,2019-01-31 10:58:20,a59c36dd-7abc-46b2-a9c6-47071f5d1534,581
398.5,2019-04-27 06:20:36,e661e18d-1aac-4a2f-b59b-e8825e76b2d9,426
0,2019-05-31 04:24:21,910245ad-8f45-4f88-8903-a83d649c1c4d,316
2862.67,2019-10-03 07:41:09,db524b84-0784-4514-ab54-51340a3951fe,108
0,2019-05-06 00:52:25,c5df109f-f332-4058-be24-10f7be27e2c7,661
287.28,2020-02-12 11:09:30,88815b45-11f3-4e34-97ad-64c8aad74055,84
4804.25,2019-01-31 16:54:20,201beea9-5d7d-4f87-b3a6-8a63bb8a9792,145
0,2019-08-15 18:40:15,c0a8f45a-c724-4354-a0f7-27900e1a755f,735
709.25,2019-07-13 03:36:37,81cc02b3-0a79-4e7c-9184-a764aef9eea7,924
0,2019-02-20 01:13:30,b0f418cb-add3-48cc-be14-38bf01de8332,118
14.05,2019-11-01 08:17:31,2111a2cd-62a5-436c-a288-b13172ef30df,625
0,2019-06-11 08:14:11,8c7076f2-642e-43b9-b34c-3f5138f48164,155
1798.52,2019-08-29 03:41:52,f18b11ed-af2e-4581-a3a2-435e0222e5b6,392
0,2019-08-22 00:41:37,95bb12cc-59c7-436f-aa3c-006222fa2616,940
1137.19,2019-03-03 01:23:08,3602c453-529c-403e-99e4-0b70b9600554,191
2794.72,2020-01-11 18:44:26,7ce38d21-05a9-491c-833b-08e0381702cc,424
264.81,2019-03-29 13:24:05,a4bd70af-069e-463b-8ac5-e97734e04116,853
0,2019-01-20 04:26:24,366c1187-ca9d-457e-a0a5-bc12acbf2ea2,119
4195.87,2019-10-06 05:30:59,aadbf21c-b2f1-441a-be92-e4bdabe3d7c9,537
287.28,2019-05-19 13:43:39,bee752b5-f608-4e33-926d-c93396732add,106
1677.33,2019-12-20 08:49:15,6a9e7e52-84ad-4144-8474-a0338dac5b26,493
1505.8,2019-05-26 20:58:48,a60565df-e69d-4120-8708-ab53d4e921d8,936
4126.95,2019-11-14 03:48:13,16e8ca62-8bd4-4666-89b6-6c20e691a404,50
0,2020-02-19 05:09:13,c7ea925d-4709-439a-bc55-b2ab9e9c8247,48
597.64,2019-02-03 14:00:44,e7ab0244-20a2-473a-b71f-7457a9be6ba1,521
0,2019-12-24 16:50:34,8c7a6927-6712-4982-ae01-558affc870b0,114
0,2020-01-24 12:58:46,f8ea51ce-4177-48c5-b6d0-464674a034e9,808
0,2020-01-10 01:42:27,6cb1d0af-dbc4-40df-b2b4-56099f0acf5f,494
0,2019-07-08 18:54:11,463abd5d-fb71-4b90-9a57-60007a5e2944,967
0,2019-10-05 06:58:54,f404b9ac-8e8e-4933-b40a-fe30f35770f6,247
0,2019-04-09 20:03:34,1a77257b-44dd-4758-8ef4-827ebf96b87b,654
0,2019-04-05 13:42:39,41a0c105-d69a-44d3-a765-9f48ff50c543,793
2959.63,2019-08-18 14:12:27,2b1fc883-36c2-48fd-a276-6db6a2ced18c,975
0,2019-07-11 01:17:15,816718a1-6584-4e4d-aca4-8c806f7f017a,963
193.7,2019-11-26 06:13:06,61112209-88c3-49be-882f-6835ce5f42dd,216
738.69,2019-02-21 03:25:07,10d4ac8e-b727-4210-b754-01bc345089a5,589
0,2019-01-02 03:32:50,bedeac8d-3240-42c0-b791-1be642f6e07f,575
257.92,2019-12-14 00:36:43,f050c2af-bcdc-44eb-93f2-1226944e9816,637
422.6,2019-11-22 11:36:02,52c2bae7-5dbc-4faf-9e26-0db10c4b21de,338
0,2019-07-11 05:43:22,b4ff774f-dc8d-4475-91c4-f4da9da16299,904
0,2019-11-26 10:06:45,e14c3a85-ceb9-45e1-843a-bf00e1e89bbd,685
3849.02,2019-12-23 17:05:56,fe9ef6c1-f1ed-4f6c-8246-2deb610d1b87,203
0,2019-03-06 08:09:51,9b96bdef-da3e-4c5e-a62a-4faafd65fe15,337
3744.63,2020-02-06 17:27:59,3a62e301-f5a8-4c60-a8eb-df79c241a44d,311
0,2019-02-14 05:28:03,5d862301-6376-45f8-aba1-b9b700967aef,814
4000.72,2019-05-20 19:27:44,84c19842-5c0e-4f9f-9e4f-5344f8a0fb14,507
0,2019-09-09 20:38:20,b7ae6465-a37e-436e-a886-23c19ab2656d,975
0,2019-07-29 17:48:35,d21fdbe5-4d84-4afc-95a1-e48ef3a34c7d,748
418.14,2019-05-28 10:23:30,d1160017-052d-45a6-89d3-75140e7da639,4
0,2019-08-11 18:03:30,e501d341-2a63-4d09-a408-24b01ebd83f4,211
0,2019-01-04 14:39:07,1fa6eec4-be17-4082-b75e-f34699f49f6b,116
3653.21,2019-06-05 17:28:38,553a39b3-4408-4e29-baef-c348db645639,706
0,2019-01-31 10:46:37,c1b570c0-d1c9-4c75-aba8-0b415dfecfb3,989
1022.92,2019-03-23 03:18:57,d527d6a7-e3f3-49f6-889a-09e583ecd079,512
0,2020-03-07 14:36:50,1c9c9d2d-d3c7-4b52-a359-7877ea3f7562,814
3620.08,2019-12-28 09:00:07,438289d4-f07c-4eca-ae1b-f8d875e60922,260
1549.57,2019-04-17 18:22:26,dae6552e-c097-436c-bb4c-9fbeada6273e,463
2807.77,2019-05-29 00:28:25,1af672ee-ca91-4708-b6c6-223afcc9be23,963
0,2019-12-02 02:42:10,0e1aa735-0344-4308-9ec6-44bb9dc7a8c6,234
0,2019-05-30 09:16:00,bc9c3a4c-099d-4e7c-b72a-f69790721072,814
75.07,2019-11-16 04:49:10,7300b4ea-3927-4cda-b350-7476b3eb68f4,587
2987.18,2019-04-03 11:12:02,cb311bfb-35ab-4f28-b9f1-c5e7c49de22e,230
0,2019-10-14 09:10:36,445bb28c-d6d0-4898-9788-a320bdb1f551,329
2574.77,2019-03-28 22:20:17,0b003303-84b6-417d-9ada-10fbfa430dc2,599
985.79,2020-01-07 12:31:14,ab4db502-e55c-41ff-b60a-7799c3dbd9be,132
1815.88,2019-01-17 07:57:23,bfcd668e-d612-4fdb-b472-b7b1c46b9c69,935
1267.06,2020-01-22 08:29:20,e7b1029b-3a8f-40f0-8fa1-38998b711e27,324
0,2019-09-29 04:26:49,27f072a9-04f6-4ad1-8bde-a275335e18f5,735
0,2019-03-01 22:43:21,4fd2df7b-08aa-4b93-b810-2830500b9105,287
0,2019-11-26 21:03:05,652ea277-7a75-4410-bde2-6ce9be573ced,228
91.84,2019-09-25 21:44:24,432840b5-aa62-4f06-851d-6a7019c3fe6d,838
338.51,2019-05-26 13:27:02,de7cd45c-6aac-4a83-829a-6215e137fed5,760
3222.82,2019-03-08 11:35:34,27baa047-6e78-44e4-9295-55bbbc044f52,285
913.85,2019-11-16 20:21:00,d90f3418-67b6-41b4-b97a-39df9c06054f,533
1295.44,2019-12-30 11:06:55,9922f09e-c0e5-4c4e-b0f8-6b8966f372c7,815
1430.29,2019-02-03 13:13:44,ba8c9d97-1fb0-4bd3-9b5b-19aca8559ce0,838
0,2019-03-24 12:02:18,b17a97ac-b17a-4dcf-b7e6-65b1c793c064,342
1955.09,2019-06-16 06:57:12,e1a44a02-4574-4358-83ba-3ab4ae8acf9d,451
250.54,2019-07-17 21:31:02,a8afeeef-811e-447b-a99e-845b71b4fc08,562
0,2019-12-07 01:38:17,7838be22-65fd-46fc-b243-78779a4e425f,903
1999.33,2019-07-11 15:10:51,11768aec-9a39-4608-99b9-5bc29d186579,54
326.49,2019-06-23 01:34:59,458cf7ff-2430-40a6-8fb7-f07884355632,353
534.02,2020-01-01 12:58:41,cd4aa321-999c-447d-b511-d05bb51633d7,705
3327.44,2019-10-22 12:33:10,f1085dde-ce9b-4dc8-9337-1f33fc74718e,852
810.41,2019-03-16 21:58:18,90e0731f-7e50-4b18-b324-7374b6fdee22,795
2606.6,2019-03-10 13:23:29,790b4b4a-061c-4fdf-8369-2498d331a499,181
250.02,2019-04-11 15:02:53,a8afeeef-811e-447b-a99e-845b71b4fc08,167
0,2020-01-20 06:53:09,8e24c455-c3b7-4a04-a58d-ec24d7248826,886
0,2019-03-11 02:41:04,5323f297-a9e0-4132-a0c8-6c9982ec4ee4,868
2959.63,2019-04-11 16:49:38,5bd0025a-7c05-4c08-916f-00230d38fd92,951
0,2019-12-18 16:42:09,a59c36dd-7abc-46b2-a9c6-47071f5d1534,348
2668.02,2019-10-04 04:21:28,dae6552e-c097-436c-bb4c-9fbeada6273e,488
0,2019-05-14 19:29:22,63648de7-688b-4d18-9fe2-de5345261761,448
3974.72,2019-06-06 10:32:35,79d38dd0-913a-4025-af2b-013364b4c883,728
0,2019-09-21 15:51:13,c3c0ee7a-0643-4481-bf92-41796a5f0e81,667
0,2019-03-04 16:22:06,0dd2313b-2df0-4c8a-a4e1-92c44979cc00,589
405.06,2019-01-06 07:17:48,207ed910-8aa6-4c8b-a532-fbcfec08f441,727
0,2019-12-29 14:39:41,b123739b-6c74-450a-9817-e7ff080dc2fe,169
2175.65,2019-08-23 17:34:37,96fa3702-9920-44dd-9f42-fda1b0eb2d7c,459
2378.42,2020-01-24 17:29:23,5abc0dbe-0da9-4486-b1ce-e65e90b04b98,213
0,2019-08-29 05:14:04,0569fa00-822a-43f5-8001-0a40f6742ee6,783
0,2019-01-07 15:35:15,e6d066b0-a730-47a2-b6be-6021763505cf,781
451.02,2019-03-31 12:20:02,b57046e3-04c2-4bb5-800a-65b6ff6a15e4,245
0,2019-01-21 22:19:02,8d267bd4-ef35-4b5d-b073-86bc4cd1b8bb,26
0,2019-07-17 17:25:05,4a423f94-899e-4867-9781-83f8254f116f,766
1431.75,2020-01-11 00:18:27,58aeab40-7721-46f4-aaab-2cfecc13d049,497
3484.52,2019-05-05 03:16:15,585dabf9-4130-4fc9-b4d4-b7959a446f0d,448
3673.19,2019-01-07 15:55:14,c4c6121c-db35-409d-a6cf-d87b06126be9,683
0,2019-06-22 01:50:31,731f5aae-accd-41e3-a407-b7549ca22d1f,41
2598.59,2019-02-22 20:02:19,76e6f356-dff4-4713-9edd-67a8696f5683,276
0,2019-08-25 10:16:06,ebcad6fe-b21b-484d-8fe3-ccd5a5990431,749
0,2019-12-11 10:17:46,985cc84e-b474-4b3c-ba3f-8faffdc0f342,849
0,2019-01-13 22:48:30,cbaa6b13-7e7a-4c5e-bfc5-64bb90a8b572,778
0,2019-03-03 18:00:11,01ff992e-0dac-48b2-9720-230c8f5b6f00,693
2678.73,2019-07-29 18:23:53,7ce72aa1-5942-47c5-a78d-abaed7cd5b09,28
1654.1,2019-10-04 12:49:48,1fd648c6-39fb-4a47-b5af-2553f19a2fe8,957
0,2019-11-20 22:02:21,cab2ac3a-d5ec-40d3-90d3-1fb023aaea01,700
2987.18,2019-12-13 12:20:32,135a3674-3838-412c-b907-0088744e1dd8,701
0,2019-04-29 04:36:21,32720384-a202-46cb-b86d-c4d6709d225b,321
0,2019-08-05 17:26:33,63648de7-688b-4d18-9fe2-de5345261761,902
0,2019-09-23 07:28:18,1a77257b-44dd-4758-8ef4-827ebf96b87b,305
70.38,2019-10-10 07:33:04,7f79f2fb-0be2-49e9-a875-c93a15254570,619
0,2019-06-10 08:02:22,46c74713-9a23-4730-8ca6-176018eea605,41
0,2019-06-21 20:26:29,37ef1a6c-329d-4e94-a832-ad6c36b94ac7,962
0,2020-01-01 22:40:41,8bcfbde6-0a3e-420f-8a7c-c2c92f03a7f0,474
4255.03,2019-01-31 17:48:15,d21fdbe5-4d84-4afc-95a1-e48ef3a34c7d,506
1449.49,2019-03-03 22:06:53,006d04b6-b226-405f-b3d0-f5ae95ec40c5,163
0,2020-01-22 07:22:29,10d4ac8e-b727-4210-b754-01bc345089a5,192
0,2020-01-06 13:33:20,61112209-88c3-49be-882f-6835ce5f42dd,501
150.27,2019-10-08 07:15:10,f1085dde-ce9b-4dc8-9337-1f33fc74718e,440
0,2019-02-11 00:24:46,86a7d885-1a87-45ca-aba9-60fcb341be9a,344
0,2020-01-02 11:12:37,db370b5e-16fe-43f1-b5db-57517d48fce6,157
0,2019-11-08 18:03:26,9f51a14d-22a1-49b2-8e1d-98ec7a543015,295
0,2019-11-23 16:13:46,cfcd0325-c0a7-4241-b4bf-c54e01db66e3,66
0,2019-09-20 11:23:44,2870120d-388e-439f-9480-9e09174cf5ac,427
1602.33,2019-10-01 03:50:53,e2c6c608-04da-4e1a-a9cd-b2169ebd1ad6,502
0,2019-01-02 04:59:31,720cedbb-e2d7-46d8-b0a4-ada18785d23b,6
0,2019-03-26 01:28:30,12e030e7-cca9-4ade-83a1-78256e2ad8f0,823
341.68,2019-09-08 09:10:03,d0a76be5-467b-4e24-86c2-9d316c61c8c5,664
3560.5,2019-02-27 21:13:24,99060db7-0b76-4c22-a019-3793bf34ecd8,592
3594.43,2019-05-11 17:57:58,a7dea82f-dd5f-4016-b494-37fc456cebf2,92
224.46,2019-01-25 03:48:54,1a7c8bb0-afdd-406a-b902-c803b98c686a,150
0,2019-08-02 13:04:27,215296f0-6556-4624-9200-846adf307436,973
0,2019-05-20 12:46:21,9e304a71-eaa4-44b2-84df-0c1d525f75c4,517
0,2019-05-08 07:42:54,207ed910-8aa6-4c8b-a532-fbcfec08f441,502
1388.54,2019-05-15 13:19:44,b9ba0797-5c37-4eae-a97a-ded79b8eab10,347
3704.36,2019-04-29 17:35:15,5ae38b0e-5934-470f-9440-d12e7ea305ae,831
630.86,2020-02-20 15:08:46,b4ff774f-dc8d-4475-91c4-f4da9da16299,892
0,2019-02-25 20:07:40,8bd00624-1c62-4cf8-8056-d7d1c98aae94,95
0,2019-07-30 05:37:11,3f1ff961-84fc-47f7-87f9-2e433772a591,440
1153.19,2019-07-25 18:58:27,6f8c074c-bfa0-4c28-982c-c618ee92ca84,48
0,2019-08-25 13:50:18,aadbf21c-b2f1-441a-be92-e4bdabe3d7c9,949
150.27,2019-06-18 23:41:53,a0dbe104-d657-41ff-94c8-a98d2ff4129d,126
1020.37,2019-12-27 07:05:42,ba36a1cd-35ad-45ef-ab68-4d27b43db845,684
0,2019-11-19 12:08:54,76387511-81e5-4ec9-a34c-c976fbc8072c,237
14.05,2019-01-19 03:58:54,fd2e749a-b65f-42fc-8938-9cda14f779c0,502
0,2019-04-13 00:29:07,1ad87168-c923-4c76-ae8d-ec1e48bd69ee,327
1088.98,2019-10-15 16:20:16,19fbcfbc-05a4-4096-83a7-b44b22771919,14
1431.75,2019-08-14 08:46:55,9922f09e-c0e5-4c4e-b0f8-6b8966f372c7,137
0,2019-12-06 09:05:14,9c8ff975-10b3-4ee2-9ccc-ec8c56cd9793,567
0,2020-01-14 09:08:29,6578dacb-4913-447d-89d7-63efdbd03c8e,791
1699.16,2019-02-16 15:59:35,117191e5-40bb-4f37-aac4-35da94719b18,890
2508.32,2019-03-27 16:54:13,eb2f74b2-c1b3-426e-b6af-e2e8d7814e03,7
2762.7,2019-07-11 05:21:35,df3d9e53-0795-435f-a4be-4796362cdca5,964
338.51,2019-03-23 17:19:43,77f17ccb-91c4-427f-97d2-ad6d4b9a1bd5,64
1728.26,2019-02-14 11:50:15,07c3d6a6-5d5b-4848-855e-eb18ea18fb0f,841
1638.8,2020-03-07 22:37:49,5328a4a2-7f9f-489a-ad39-6599c3bd27f7,893
127.73,2019-06-10 20:30:56,7f200ade-404c-4b46-a84e-f103de3db42a,139
0,2019-11-08 22:03:29,402a775f-b150-4230-9ff6-1d27c5cf377a,849
171.9,2019-02-16 20:54:32,aeefe74c-1d7f-4a0f-a73b-61d65ea2e55d,828
2338.63,2019-09-22 19:27:33,95e642aa-24bd-4996-89c5-cb9db68de741,880
4122.32,2019-02-21 17:18:04,c458f390-0c13-4104-ae1f-ca863a5bb59a,708
0,2019-02-12 05:02:26,d4357d4d-b0e0-42ce-9943-d03904f23011,734
0,2019-04-20 18:00:13,5b1c10a0-038a-4eba-860d-765e595f51bc,369
0,2019-02-23 22:09:58,6aeba858-f815-43ea-bb6e-2d6bae9b4285,539
3560.5,2020-01-23 00:11:00,db370b5e-16fe-43f1-b5db-57517d48fce6,167
0,2019-05-30 16:05:38,dbc6c2ad-36ea-4baa-9d64-f4ad4f7408e2,505
588.8,2020-02-26 17:25:02,e8962f2f-f5f4-4902-b10c-fa4a2239070c,689
0,2019-05-27 06:22:44,8e24c455-c3b7-4a04-a58d-ec24d7248826,89
1702.28,2019-03-28 19:15:53,c6bc03fc-1d9e-4212-9138-26af5a7967a9,878
999.6,2019-01-19 16:40:20,f738bdb9-485a-4ef2-9eda-7ba628d4c23d,546
0,2020-03-13 10:14:24,7246668f-ead1-414b-b523-7561195a44a0,501
0,2019-03-06 20:20:56,b4a0f3a5-9b79-406f-9964-27af9453923e,509
2712.39,2019-10-06 12:15:08,402a775f-b150-4230-9ff6-1d27c5cf377a,285
1130.01,2020-02-21 01:05:09,30eda0b6-3f1a-4ae1-bd58-d0345a5ac038,503
1497.94,2019-11-15 17:21:29,84f1afe5-dc2f-4dad-b871-296eb0736b96,120
4637.8,2019-07-11 07:07:32,98186335-54d4-4cca-9efc-c36fe1bda84a,208
4679.79,2019-05-08 19:13:32,4df84056-4a8b-4201-b843-a9c6b8696762,127
0,2019-05-07 11:26:45,2f7f77d7-c389-470a-82f1-6586a78c6157,390
75.07,2019-07-13 11:16:26,eb2f74b2-c1b3-426e-b6af-e2e8d7814e03,947
0,2019-08-15 03:36:55,f1cd0935-a265-4bf2-b9b1-fabbca2e461c,357
2904.64,2019-04-15 13:43:49,8c51c3e0-a83d-4377-845a-6de96d65f3ed,668
0,2019-07-05 21:04:03,e8decd48-742c-4bea-9228-dde5ac1a87c6,238
0,2019-11-03 03:19:35,05333309-6542-4bfe-90f0-03e31fbf5a18,882
0,2019-05-25 11:09:24,1cbb4ff5-ecce-4c15-8c45-d0e4c1aa6c2e,979
0,2019-04-28 00:30:31,f29b8c14-5137-4bcd-a7c0-6b6f71915f19,987
1245.64,2019-05-19 16:54:31,deb4d410-6d56-4102-8613-cbd86956211b,723
2145.82,2019-04-10 13:29:37,6aa8aa03-a545-49d0-b5ae-9b33cb7bca5e,981
998.71,2019-06-23 06:56:09,e58bcc4c-dd00-42d8-9761-dee24b231283,143
116.9,2019-06-09 06:21:49,1545aaac-bc91-407d-adb7-cefe0dea61f6,751
15.81,2019-03-08 21:58:36,98ab9525-ba17-41dc-8afa-971183cc6b7e,623
0,2019-03-06 05:12:12,d406284f-f197-403b-9d01-e84bac2fcc5a,579
0,2019-11-03 06:40:50,3de776dd-11c3-481c-b3d5-27e4ef707cca,97
0,2019-05-07 11:05:39,e108f106-b7c5-49b9-9ad4-5299fb2b0347,967
0,2020-01-21 02:19:23,3c78e0e9-e54f-4e79-8cb5-4f9bf2c9e522,780
0,2019-12-17 04:58:01,cf399c40-820d-4bff-9312-388326884ce1,7
0,2020-02-09 09:13:44,28a0d3ec-4001-4b5f-92fc-f71d111e16c2,13
263.48,2020-01-21 22:17:01,47606eb1-135b-481f-8307-0bb129447afe,401
2955.15,2019-09-27 18:28:50,eabac877-55ff-4330-94af-11faf9ef6236,938
0,2019-12-04 23:52:14,e49dc75b-f1ee-4ea2-b5ae-1a5ad75a6289,426
1434.84,2019-12-21 08:22:44,4596e3aa-3ffe-46ea-acd9-94cfa52eeb5b,947
0,2019-01-01 13:39:59,0c59f6e6-5598-40c1-8bff-34e28c6bf3b7,95
1124.88,2019-07-06 16:45:48,979d3fbc-7263-40e0-9fd1-92ae696917c7,913
0,2019-03-02 11:46:52,322afb50-8ce6-4746-8f2f-882d51026f9e,728
0,2020-02-01 22:50:58,c0a8f45a-c724-4354-a0f7-27900e1a755f,330
638.87,2019-01-06 13:00:23,4e561607-c15a-4560-ba03-1e942859f30f,887
3255.86,2020-01-07 19:59:02,0787d10b-a61e-48d3-a835-f36d16a5e6c9,8
0,2019-05-08 17:25:19,80194b01-fc4b-4e1f-b0ad-34e0104ee030,498
948.31,2019-01-12 00:02:00,6a95f689-d2bf-49f0-886c-b7ffc61cdac7,698
0,2019-12-19 20:20:55,276d7865-9b55-4246-ac54-9a176e7dbe8d,428
0,2019-03-22 21:34:28,62d08d3e-ab8d-45cd-9c01-2f6586ccd532,751
1607.09,2019-11-18 09:04:22,61112209-88c3-49be-882f-6835ce5f42dd,322
193.7,2019-04-07 22:03:30,80194b01-fc4b-4e1f-b0ad-34e0104ee030,762
0,2020-02-26 19:31:47,4a2ad820-b213-4566-a2cc-e65704e54661,571
2926.02,2019-02-14 12:30:03,dd472cb0-e2ea-4b76-bed2-666482113f5c,88
0,2019-10-03 00:04:39,79a9f34d-108e-4460-96fa-c166b633d3b7,911
0,2019-06-14 16:38:57,f8694cd5-3409-4cbd-855e-b5b45b88c724,201
405.06,2020-03-03 04:56:24,9f257d86-c7d8-4018-90ee-0487e51db7ce,653
1600.36,2019-05-25 12:49:31,f64e3ef2-8e4f-46ae-8fce-0d08efc20c49,973
0,2020-02-24 06:04:57,ef6eb016-71b2-45ca-b596-4a725bde36e3,48
4113.8,2019-09-22 03:23:40,f9d09f74-5962-497a-acf0-b3b2e95f2f18,801
1353.1,2019-05-22 13:04:04,8d2dc808-f9d8-446d-9ae6-52e1a53e6409,968
317.57,2019-10-23 07:09:18,f64e3ef2-8e4f-46ae-8fce-0d08efc20c49,914
0,2019-05-08 19:07:12,5e3249f7-8dc6-44e7-87e3-71fe3b16b30d,316
0,2020-02-27 07:23:17,f1085dde-ce9b-4dc8-9337-1f33fc74718e,198
0,2019-11-14 20:57:26,652ea277-7a75-4410-bde2-6ce9be573ced,871
4255.03,2019-09-19 14:15:08,6a1640ab-8a16-4ff9-9360-66f881add4f7,458
0,2019-04-05 16:33:43,61112209-88c3-49be-882f-6835ce5f42dd,709
0,2019-02-13 23:54:59,23232d38-2057-4390-b8da-4aa8d8e1ab7c,889
0,2019-07-07 12:23:09,e0a5cb62-0cef-4b1b-b802-445457869350,874
0,2019-12-12 12:54:01,6a95f689-d2bf-49f0-886c-b7ffc61cdac7,84
1137.34,2019-07-28 16:00:19,d3413f5f-4b47-48dc-a242-b7cdb38ccb8f,222
150.27,2020-02-26 02:11:18,1fca81b9-f4b5-4703-b19e-6b84bb9b4eb2,609
1062.68,2020-01-17 08:46:20,f7f2d50f-bd39-4d48-abc4-5d0bdd32cb7e,225
2962.4,2020-02-13 07:36:31,9b58b099-81b4-49df-9928-8b6c8ec885d5,160
0,2019-12-30 09:18:52,343e1988-df0a-4775-bef5-93161e7a3bb8,109
238.24,2019-06-20 14:51:14,a3ad8901-c34d-405d-8bf6-4a2105aef8b6,921
727.67,2019-02-05 04:11:10,585880f1-e839-4115-83b7-28333d4c90b4,153
0,2020-01-07 15:18:04,5328a4a2-7f9f-489a-ad39-6599c3bd27f7,350
256.12,2019-09-28 11:09:32,d1160017-052d-45a6-89d3-75140e7da639,541
0,2019-03-27 03:47:32,ff11816c-bc54-4324-90ea-69d7de60e183,622
4000.0,2019-10-05 01:21:28,cbaa6b13-7e7a-4c5e-bfc5-64bb90a8b572,608
0,2019-02-23 18:01:01,8e71a83d-d107-4e6f-a430-12599da647cf,631
0,2019-05-20 13:24:06,25f2cbb9-4c4d-4068-809c-ad2038d5ccb6,28
4042.8,2019-02-04 08:19:54,7ce38d21-05a9-491c-833b-08e0381702cc,271
0,2020-01-18 22:05:46,164f0aa3-09ef-4b13-a48a-b5a87e2d3e24,609
798.69,2019-05-04 23:46:56,78ae8dba-c907-4a2e-9513-f2dc9b05c6a3,165
2063.7,2020-02-17 05:24:18,9c794913-ee05-4f42-888c-c1c804e64ebf,519
3974.72,2020-01-09 23:42:20,7185c607-36a8-4f36-9972-82f2dc0ac714,943
2402.67,2019-05-20 01:36:25,8eb7b703-e19a-4c0a-8adf-db331a41dfe0,830
0,2019-04-01 21:18:27,b93db5cf-23d3-4eb2-ba4e-78cc36de7d3a,760
0,2019-04-20 01:54:22,d2fa2175-5393-4bcf-acd1-f3973f501634,780
2749.07,2019-09-26 08:51:47,b87bb606-6f30-469b-b627-5042819ac336,743
374.4,2019-03-28 21:48:28,06bf99a0-622c-4943-a842-49ee37e5f3c7,49
0,2019-04-23 00:54:09,39d3272e-86c2-4412-b5d5-63eea9119c69,752
0,2019-04-21 10:44:42,cc646f0a-7372-44d3-bbb0-6e2a60472827,192
0,2019-06-07 05:59:04,708b8415-a985-4368-be2a-bfdd9521b89b,732
292.52,2019-08-21 10:03:31,cb31b897-c23e-4c3f-87ef-3da2149fca14,425
150.27,2019-10-02 22:20:41,3de776dd-11c3-481c-b3d5-27e4ef707cca,360
1487.74,2019-03-30 23:29:54,2870120d-388e-439f-9480-9e09174cf5ac,813
0,2019-07-09 10:47:38,ca953dca-75d9-4838-a50b-ff615d4f7e92,902
0,2019-11-03 19:54:56,4cb45371-73a0-464a-be31-3ef1568ca6fe,860
0,2019-05-22 22:00:51,53161dc9-cc09-405e-a84f-558c0eb87955,81
0,2019-02-11 07:39:20,8177a3f1-09f4-4c96-a234-abb79c75f5af,755
685.22,2019-09-24 23:44:14,4ca8d5dc-1a13-4fdb-9333-32d6cf4de3b9,795
0,2019-10-13 07:27:21,34792da0-0d05-404f-b94f-fc73b5b8d6eb,170
1027.96,2019-11-14 13:04:55,dfcc274a-ffe9-414a-b3f0-f6edf4c2438b,15
763.87,2019-07-30 19:24:58,82139a82-69b7-45ba-a153-91b9bdf94e0c,65
0,2019-12-21 01:14:19,d96fa1c2-cce4-49cf-91eb-121f222dc0c0,348
3673.19,2019-06-15 20:09:32,1fa6eec4-be17-4082-b75e-f34699f49f6b,929
0,2019-05-17 06:12:38,aa574d4a-e3bc-41f7-8c8b-de4df4225c41,134
0,2019-11-15 07:37:38,0b22abab-c092-4216-bfcd-45eb80cf297a,505
763.87,2019-08-15 04:16:26,979d3fbc-7263-40e0-9fd1-92ae696917c7,724
0,2019-03-24 12:51:16,c59d6507-468c-4fbb-999b-b5c65385ec22,642
2002.49,2019-07-07 08:51:53,585dabf9-4130-4fc9-b4d4-b7959a446f0d,895
0,2020-02-01 08:42:36,14db3ca3-f0af-40ed-af3d-aa0fc42f5940,539
317.57,2019-11-16 07:25:15,f9e894fe-1463-40a9-8a24-f3b784544c3c,950
338.51,2019-02-28 19:13:08,cc8d81c9-e6b6-4f61-86b5-451dcc2df3a4,374
0,2019-04-20 08:04:16,4d31d08c-b640-4a09-bedb-acddd5dcf463,855
1384.43,2019-10-27 00:33:57,0c59f6e6-5598-40c1-8bff-34e28c6bf3b7,713
0,2019-10-29 08:33:29,ad5300ea-75f0-49b3-8bae-d18e66674544,471
0,2019-05-26 18:46:20,7d5ed326-6125-46c3-978f-fa003433ac23,879
395.64,2019-02-10 04:07:06,e23fa9bc-6eb1-44f8-a477-ca986040ff08,118
2215.3,2019-06-16 17:11:09,0620cbe8-4c37-4acc-84e3-3b097a7b34d4,123
0,2019-07-19 11:32:46,215296f0-6556-4624-9200-846adf307436,857
509.06,2019-08-27 23:30:09,bee752b5-f608-4e33-926d-c93396732add,743
4014.07,2019-10-05 22:18:19,89f627e3-7fca-45dc-93ec-84aefed9b009,925
637.99,2019-09-24 02:49:26,7942ca6a-c4a0-45f5-849e-a4d6a59dd1b8,180
0,2019-12-14 11:30:33,f851911d-c258-44d8-97c4-b876f238c7c4,380
451.02,2019-02-04 08:59:44,2b87037d-8b6c-4135-af99-cea21cd1e30b,370
3804.17,2019-12-05 13:32:17,e34f34fd-9a5f-41d0-be68-fdbefce9c64a,439
3553.03,2020-01-11 17:32:03,ace19890-54d8-417f-9b36-41f88c3bbd0b,714
0,2019-04-01 21:04:03,52230338-2f8b-4b35-b10e-65393df973b7,880
14.05,2019-10-17 16:34:02,06bf99a0-622c-4943-a842-49ee37e5f3c7,65
1823.24,2020-03-06 05:59:28,4167ba00-b46d-4bdd-90d7-80d2927b1ec5,809
1431.75,2019-08-29 00:10:39,f9d09f74-5962-497a-acf0-b3b2e95f2f18,392
0,2019-07-02 14:30:49,1fca81b9-f4b5-4703-b19e-6b84bb9b4eb2,170
0,2019-02-14 09:04:38,2a461f3d-f74a-445d-aaaf-b10384c9337a,413
0,2019-08-06 15:24:20,1a7c8bb0-afdd-406a-b902-c803b98c686a,839
0,2019-10-02 02:27:53,deb4d410-6d56-4102-8613-cbd86956211b,493
1022.92,2019-06-21 10:29:38,3023eb7a-f67c-43c7-8e9c-fa8ce1452a56,651
0,2019-07-26 15:28:01,12e030e7-cca9-4ade-83a1-78256e2ad8f0,98
0,2019-03-25 09:31:19,512aefc9-099c-4e01-bd09-9950c1586775,43
0,2019-12-04 18:36:54,ebdc7077-f3b8-4cd2-8dba-ca3d42913b38,813
0,2019-12-24 16:34:02,cef21005-83c9-4a0d-907f-081fc0a6e3a5,544
0,2019-07-08 00:08:24,62adebc6-9cf6-4675-9a5e-37f4427943ba,851
1754.07,2019-12-16 21:49:37,9b96bdef-da3e-4c5e-a62a-4faafd65fe15,74
0,2019-01-29 22:12:46,d39eb1c5-89dd-4528-a96a-c63dcb7692c7,463
0,2019-10-18 02:24:11,81ad564d-fef0-4389-91b0-8add5150fdfc,373
0,2019-10-27 12:11:56,d5321979-6e95-4aa4-869c-a1218956c179,191
0,2019-05-19 08:49:29,ab9b6de3-07fb-4158-94d4-5e03b3124700,445
0,2019-11-16 07:24:00,ecb989cb-e14d-4434-9e43-d6f7a40cc778,401
1555.12,2019-09-19 21:42:54,4a423f94-899e-4867-9781-83f8254f116f,267
0,2019-12-08 19:30:48,b4a0f3a5-9b79-406f-9964-27af9453923e,729
0,2019-05-17 07:41:04,585880f1-e839-4115-83b7-28333d4c90b4,465
0,2020-02-06 12:07:15,ec128035-9ed6-44ea-aa5f-71aedcbcbc97,862
551.72,2019-07-04 19:03:12,ae4a5a09-9307-44ce-9f02-ebfcee982560,811
0,2019-02-14 03:20:36,e23fa9bc-6eb1-44f8-a477-ca986040ff08,931
1786.68,2019-11-16 09:04:10,2b4e49a4-8aff-4c10-a4c1-1930d381abe9,724
1088.98,2019-06-03 23:25:18,89f627e3-7fca-45dc-93ec-84aefed9b009,470
317.57,2019-01-11 14:50:31,e41a26f5-b162-4695-ae4c-638ab423304b,538
0,2019-12-07 20:03:56,4d1fe69a-1670-4a0a-af7e-35b33d566054,383
2076.01,2019-06-14 02:08:43,e135be0f-c09a-4a9d-b145-25a37b3af614,100
0,2020-03-12 22:23:14,5f973ba5-6612-4a10-8b7f-aa91b58576f0,246
1549.57,2019-12-17 20:46:09,211b0f96-82ff-445a-9aab-0585f99d3758,517
0,2019-05-12 21:46:22,366c1187-ca9d-457e-a0a5-bc12acbf2ea2,183
1332.93,2019-04-25 22:09:52,1fa6eec4-be17-4082-b75e-f34699f49f6b,503
4069.47,2019-03-30 19:36:29,7daa8c38-6283-4f70-a271-87a2355b5638,566
0,2019-12-06 12:14:56,117191e5-40bb-4f37-aac4-35da94719b18,89
1137.19,2019-09-26 23:28:11,43aa0f73-38cb-4bd1-9d20-30e703ad09f7,789
0,2019-08-10 08:50:51,ba8c9d97-1fb0-4bd3-9b5b-19aca8559ce0,450
2822.81,2019-09-04 16:10:12,64398978-a77c-4cd2-9998-83649d4d3bc9,978
855.0,2019-12-12 05:23:28,12362279-552a-4872-8ba0-4c1437a670e6,612
0,2020-01-09 22:29:31,29b6e37e-b8e1-401e-85aa-be60e52e1e66,865
0,2019-02-15 19:56:14,67495def-9444-4932-8c80-c432750332e3,783
1289.44,2019-01-22 05:50:06,29b6e37e-b8e1-401e-85aa-be60e52e1e66,572
0,2020-03-02 09:14:49,64c08bcb-a684-4242-9542-5243e5a4617d,384
0,2019-04-11 04:25:00,0157607f-724c-4866-8fb5-5d47af2c1b2f,172
1823.24,2019-01-14 09:10:56,0b22abab-c092-4216-bfcd-45eb80cf297a,348
0,2019-12-28 13:36:33,503ccbd3-7fef-44f0-91fe-716b90d1cbe3,340
1646.66,2019-02-06 08:38:42,0f0b0f08-a0a9-40c7-aeed-39461bf0a302,437
2031.23,2019-01-02 22:46:01,a5fc8e69-f134-4f4a-81ce-bc1dc7399fd4,18
0,2019-05-09 06:11:36,3023eb7a-f67c-43c7-8e9c-fa8ce1452a56,785
0,2019-07-17 10:46:53,aa94ec44-f271-49dc-a1b5-dcf6c12cdd67,634
727.67,2019-01-06 07:38:39,80efd0f8-ddfd-4fb3-826d-4b2533a0f25e,257
2430.96,2019-06-11 23:43:46,ab631f6f-1e62-4fd0-b656-796ac32a409e,753
1725.95,2019-07-18 10:03:11,6900b34b-9f0e-4f7c-a4cc-8de7ddb9a069,727
0,2019-06-01 07:28:31,df1f9731-16a1-4f90-9b60-751a77d911c0,821
3679.1,2019-08-30 16:49:51,16330b9c-2d81-404e-8e8a-c90cb077ec6e,53
3222.82,2019-04-20 15:52:27,7f132845-fa1e-4ea2-92eb-c3ef6a80f21b,639
4804.25,2019-12-01 02:21:07,fff0cdef-1272-48e7-8de0-7adf1a560c33,727
2339.33,2019-12-31 08:41:56,bee752b5-f608-4e33-926d-c93396732add,451
1666.3,2019-03-27 08:23:17,8ef8a30b-43c9-4d09-a691-aaa6aad720df,346
3405.47,2019-12-17 05:59:20,785ecd70-49e5-4e70-b406-1adacf45c37e,196
706.92,2020-01-22 03:38:15,0a0a641f-ea72-4f1e-8315-80bcf37bf976,619
150.27,2019-06-08 18:05:59,db34b1d2-6701-4d06-94c3-e90b0db81389,605
0,2019-07-21 09:12:39,816718a1-6584-4e4d-aca4-8c806f7f017a,882
3804.17,2019-04-29 15:28:38,2b1fc883-36c2-48fd-a276-6db6a2ced18c,369
0,2019-06-02 01:24:31,82139a82-69b7-45ba-a153-91b9bdf94e0c,150
441.78,2019-07-26 10:07:18,177fe8c4-4967-4536-869e-e58be6fdca72,341
0,2019-02-14 11:21:44,4861e67b-cea8-4b3a-91e9-a28197775e9a,137
1449.49,2019-07-25 16:36:09,ba36a1cd-35ad-45ef-ab68-4d27b43db845,427
0,2019-10-16 16:52:50,c458f390-0c13-4104-ae1f-ca863a5bb59a,117
1353.1,2020-02-20 23:03:47,95bb12cc-59c7-436f-aa3c-006222fa2616,972
0,2019-12-22 05:11:01,27f072a9-04f6-4ad1-8bde-a275335e18f5,944
0,2019-06-27 03:22:49,bc71ede1-de4c-46e6-9b7e-5c9ea2dd48cb,914
0,2019-12-03 13:16:49,39ad6903-45c4-4e4d-9fd2-e9d499459568,896
0,2019-11-13 16:18:21,697f4fcd-4d04-4013-a59f-becf974a304e,575
0,2019-06-30 23:30:11,2b4e49a4-8aff-4c10-a4c1-1930d381abe9,316
3985.05,2019-12-22 19:18:33,37d8a892-2dc5-401a-9e7e-4680f74724fb,265
2236.79,2019-11-21 04:22:02,448570b3-2b43-4b0d-86ed-3bf45e02e498,580
0,2019-11-14 11:06:31,b6ebc14b-ec6d-4384-9cc9-7f7131ca7887,370
0,2019-01-26 11:53:05,4fd2f533-7750-430b-b5a5-43423328635c,828
0,2019-03-12 10:00:36,2aba81ac-3a50-4300-9962-f5bbd14403cd,39
0,2019-06-20 16:14:47,b7124c54-8e0c-46df-a15f-913ce8f81b87,844
0,2020-01-06 15:12:35,bedeac8d-3240-42c0-b791-1be642f6e07f,842
0,2020-02-17 15:59:42,7daa8c38-6283-4f70-a271-87a2355b5638,286
0,2019-01-28 21:19:16,58bc0150-de01-43aa-b087-0a59a208bf46,3
0,2019-06-16 02:31:03,d18c1afe-7114-48e8-b239-976bac0e683d,543
1371.58,2020-01-31 01:25:44,8c7076f2-642e-43b9-b34c-3f5138f48164,636
394.69,2019-06-08 09:54:43,1a9ed6c2-3c5b-46b4-ab37-75a4143483fa,582
768.91,2019-09-04 08:26:34,f37127ef-1b19-41fa-b742-eb884fdafdcc,684
0,2019-02-06 12:24:56,65ccae95-5fac-42f1-8989-89c848a18f5f,858
0,2019-02-14 22:56:17,520a4951-6156-4aac-8433-9acc56bbf6e0,323
1114.27,2019-05-15 05:03:41,06de40cf-538f-43b8-8576-5b57d974552c,961
3327.44,2019-07-09 06:42:57,cdd765ff-4a0f-4d0f-a7b8-933e57b632cf,437
1204.8,2020-03-04 14:18:51,7300b4ea-3927-4cda-b350-7476b3eb68f4,829
0,2019-06-10 18:28:15,f90ac945-31b4-4a5a-b39f-a1b30e3b7dc8,252
1079.61,2019-09-23 08:32:51,d27d1a4c-9ea3-4fb5-beb5-9ae50070ce52,189
0,2019-06-17 07:37:37,d4357d4d-b0e0-42ce-9943-d03904f23011,726
374.4,2019-07-02 21:42:32,a8a87b26-f74f-4282-92e5-0a71d74cfea8,977
0,2019-06-28 06:38:57,435bb603-2d0c-4e7e-bb6e-387d832717cc,9
3025.38,2019-02-21 03:00:18,01ff992e-0dac-48b2-9720-230c8f5b6f00,518
0,2019-08-01 04:33:10,d5b9c6ef-7ee5-4959-9d25-519ff7f9c1c6,208
0,2019-09-19 10:01:23,d2dfa91c-2c8c-4e80-9364-aa4919c65dc4,983
2843.04,2020-02-22 05:32:07,53062b5c-b67b-4c77-a23f-7913b3ab8422,114
0,2019-05-06 13:03:03,79ec5e5c-88c3-470a-9ca5-cf85fe7982e1,19
405.06,2019-07-29 22:18:32,755d51f8-2c58-4b3f-a29c-0b604022df2e,874
0,2019-07-31 17:06:38,aa6daa86-f10e-45e6-8bb4-542deb82ccb7,129
0,2020-02-29 21:10:45,a8a87b26-f74f-4282-92e5-0a71d74cfea8,452
0,2020-03-04 18:51:36,00d5de1e-38e4-4232-8fbc-589744697dad,501
551.72,2020-02-11 17:48:58,80194b01-fc4b-4e1f-b0ad-34e0104ee030,908
0,2019-08-29 21:16:07,14db3ca3-f0af-40ed-af3d-aa0fc42f5940,49
1634.18,2019-11-15 03:08:25,1cbb4ff5-ecce-4c15-8c45-d0e4c1aa6c2e,56
3872.58,2019-11-02 17:13:41,3de776dd-11c3-481c-b3d5-27e4ef707cca,608
0,2019-03-04 16:05:20,dae6552e-c097-436c-bb4c-9fbeada6273e,669
2073.33,2020-01-14 16:28:22,b7124c54-8e0c-46df-a15f-913ce8f81b87,865
0,2019-06-01 01:18:02,dfb75ade-f2e6-4825-bff0-847484bb1466,714
2762.7,2019-05-25 08:49:19,ec128035-9ed6-44ea-aa5f-71aedcbcbc97,701
0,2019-06-15 00:20:45,8d651efe-69fc-4de6-bf7e-02c133fa106c,659
1422.57,2019-11-08 16:57:29,df49fccd-68de-455d-a76f-82336ee03012,425
3327.44,2020-01-13 18:10:42,23a3c2af-63e1-4319-966e-7c49e7b3bfda,537
0,2019-03-30 04:48:02,2f4aeaba-7963-4610-bb45-3d8bac7dadc5,676
0,2020-01-06 14:12:42,8e3a21e1-2f88-4a69-a403-b29587f7340a,255
2345.95,2019-08-22 19:14:51,0825d01c-18e2-4fb1-8740-3b16acfd96f6,732
0,2019-03-16 02:18:06,52230338-2f8b-4b35-b10e-65393df973b7,511
0,2019-02-10 10:12:15,a4bd70af-069e-463b-8ac5-e97734e04116,144
738.69,2019-07-02 01:33:08,52ab3a65-d0b2-4079-85db-f7310ac1a5f0,576
1501.02,2019-01-30 22:44:21,38d5eb6e-ddc7-4144-851a-cf32c03cc5e8,618
1593.1,2019-08-28 18:51:00,a27c4891-fcc4-407e-ac1e-b75eb181f35e,926
96.01,2019-04-26 15:29:51,8a7599ba-8d0a-43ad-9d05-fd442dd2c546,511
0,2019-01-26 22:00:24,05565792-772a-4f8e-9eaf-eb531e2b8470,832
2948.25,2019-06-10 04:55:53,6d646475-028e-4f31-a304-b4a991818b75,70
0,2019-08-08 09:09:52,f0c56486-31cf-4614-a617-7ab64cceec91,893
1607.09,2019-12-26 09:43:39,6d646475-028e-4f31-a304-b4a991818b75,597
855.0,2019-12-05 06:03:52,3e6cd886-a587-49ff-87b1-f44811d0b08b,312
4026.79,2019-12-16 16:02:24,34225af4-db09-4113-a1ef-85619e683b92,82
1728.26,2020-01-18 02:07:53,146d977c-fffa-43da-91a3-38c3bf1fe25d,542
264.81,2019-03-27 16:34:20,0e1aa735-0344-4308-9ec6-44bb9dc7a8c6,393
0,2019-11-02 09:02:40,f1cd0935-a265-4bf2-b9b1-fabbca2e461c,35
0,2019-06-30 07:22:40,b684b1af-90cb-460c-aa89-1807946ecdfa,240
4637.8,2020-01-01 05:58:40,f614b364-8c63-4ce5-8413-4f9d8ecd5676,503
0,2019-08-07 11:21:32,303848ed-1d96-482f-8d7b-c9ad94968916,709
7.93,2019-11-10 09:15:03,33406bb2-e87c-4310-b38c-d9c5868a35d7,423
0,2019-11-15 10:21:34,6578dacb-4913-447d-89d7-63efdbd03c8e,547
0,2020-02-23 00:28:40,11768aec-9a39-4608-99b9-5bc29d186579,502
0,2019-08-24 03:19:51,79f61cf2-14ab-46e6-be72-0c002cef0f4c,323
413.51,2019-10-30 07:14:13,f18b11ed-af2e-4581-a3a2-435e0222e5b6,671
0,2019-06-16 07:05:20,d0af163e-4409-4a72-adfd-51324f14bf5c,637
0,2019-07-10 16:28:23,2f4e09ce-0b43-4d3a-a482-5a854c6b5008,967
0,2019-11-12 23:26:38,6e02e241-b3cc-4306-879b-f4ca6a8e4684,87
1606.88,2019-01-12 15:44:35,3ea55ff5-63cb-4532-a6df-fc24a562675e,337
4069.47,2019-12-26 19:10:16,c8bb40db-0827-4ca4-9216-4ec396664cc5,691
0,2019-02-23 10:19:11,30a3ba2d-99f5-4165-9663-aaffd598cf62,698
1000.18,2019-01-12 04:31:27,1a77257b-44dd-4758-8ef4-827ebf96b87b,916
449.41,2019-11-12 09:35:03,b44c8f82-3a34-46ec-83d1-2cae10eb635e,551
913.85,2019-07-27 09:51:31,bf13204b-bc00-4600-bbb7-106d03e03d59,583
0,2019-05-01 03:33:35,ec128035-9ed6-44ea-aa5f-71aedcbcbc97,821
26.75,2020-01-07 11:27:09,b26cf6d0-f9b1-4d1f-b478-7688e429fa0b,147
0,2019-09-27 00:35:43,f9eadae1-35e3-4859-84e8-1935a09aae6a,519
0,2019-08-07 20:34:29,211b0f96-82ff-445a-9aab-0585f99d3758,693
0,2019-09-16 17:10:19,a961ad8c-5bd7-40db-bf07-884a3f122c83,256
890.7,2019-05-11 18:30:52,b9aec266-1031-4025-86fa-b9c4f629ba9c,17
1245.64,2019-12-03 23:38:54,0620cbe8-4c37-4acc-84e3-3b097a7b34d4,526
0,2019-05-26 05:11:28,c4a277b9-911c-48fc-9ba2-05c8b48ba540,52
606.97,2019-02-21 23:25:34,f995e602-c3de-473c-a257-624a3a07266c,468
2038.98,2019-03-15 20:40:42,4196dc2c-e606-499b-a09a-f7c46b8e6ee1,658
0,2019-02-21 10:18:19,0b22abab-c092-4216-bfcd-45eb80cf297a,158
3062.17,2019-08-15 18:52:20,2c67bfbc-94ed-4487-83a0-fd97f13226a7,545
606.08,2019-01-29 04:10:03,25f2cbb9-4c4d-4068-809c-ad2038d5ccb6,556
1916.93,2019-03-18 17:12:58,82d92c98-4960-4cb9-ba7a-236292a6c8b1,410
0,2019-08-18 23:26:25,5ae38b0e-5934-470f-9440-d12e7ea305ae,730
0,2019-01-19 16:41:51,94e2667e-788f-49df-b887-97e28a22d6dc,572
2981.5,2019-09-17 07:37:48,8774ebfa-602e-4385-813a-fdb596c67540,85
3744.63,2019-10-30 02:31:13,c2757deb-0e87-4330-9d47-5689d4184700,359
0,2019-09-26 08:01:19,dfb75ade-f2e6-4825-bff0-847484bb1466,414
1135.26,2019-06-03 01:51:21,78ae8dba-c907-4a2e-9513-f2dc9b05c6a3,604
0,2020-02-28 07:42:23,c7ea925d-4709-439a-bc55-b2ab9e9c8247,385
1838.13,2019-11-21 10:07:41,b50bd255-0a90-4d46-b22e-37d9e73af710,884
0,2019-10-09 00:18:21,d44e2ebd-8a29-43a8-a83f-91f6c85aa4b6,536
250.02,2019-03-28 13:35:07,7185c607-36a8-4f36-9972-82f2dc0ac714,402
855.0,2019-08-11 19:17:59,dc06ede4-6d38-4031-b823-26b84cf8faa3,819
1580.81,2019-03-17 12:15:55,aadbf21c-b2f1-441a-be92-e4bdabe3d7c9,95
3626.43,2019-04-03 09:49:22,a54a06c2-8b49-4209-90f0-9bb6f2dfecc0,524
1664.34,2019-11-07 01:08:01,1fca81b9-f4b5-4703-b19e-6b84bb9b4eb2,713
2037.16,2019-01-13 19:56:36,b516b53d-fb7c-4328-a05d-01f064761a69,241
2170.69,2019-02-19 02:43:44,146d977c-fffa-43da-91a3-38c3bf1fe25d,4
0,2020-02-25 13:34:12,d0a76be5-467b-4e24-86c2-9d316c61c8c5,794
127.73,2019-08-03 09:50:35,f050c2af-bcdc-44eb-93f2-1226944e9816,116
0,2019-07-17 23:05:41,86a7d885-1a87-45ca-aba9-60fcb341be9a,801
0,2019-12-01 21:09:18,5409a787-4e5e-489c-883c-2c8866ceb522,332
461.0,2019-03-27 06:33:38,307a77fc-ebe6-4132-9c5e-33c6b032cb9b,452
1893.42,2019-09-01 10:01:47,64c08bcb-a684-4242-9542-5243e5a4617d,5
2073.33,2019-03-24 08:38:03,117191e5-40bb-4f37-aac4-35da94719b18,449
0,2019-01-29 19:21:48,ef6eb016-71b2-45ca-b596-4a725bde36e3,612
2872.47,2020-02-22 17:17:47,a60565df-e69d-4120-8708-ab53d4e921d8,172
297.25,2019-06-09 22:52:15,307a77fc-ebe6-4132-9c5e-33c6b032cb9b,649
0,2020-02-13 06:04:25,5509f940-8619-4b18-bb66-4957cdf08d41,919
0,2019-11-26 13:30:26,e1a44a02-4574-4358-83ba-3ab4ae8acf9d,271
568.78,2019-08-13 08:29:20,aadbf21c-b2f1-441a-be92-e4bdabe3d7c9,111
0,2019-10-26 21:43:36,b9e60e65-6d58-4996-abf1-cea0032f0fba,202
0,2019-11-18 15:08:09,d44e2ebd-8a29-43a8-a83f-91f6c85aa4b6,553
685.22,2019-05-02 18:41:23,5f973ba5-6612-4a10-8b7f-aa91b58576f0,264
1384.43,2019-04-15 22:43:22,7300b4ea-3927-4cda-b350-7476b3eb68f4,744
0,2019-10-24 00:42:19,85c290b7-ad37-4c5a-9f91-06414eebbc70,532
0,2020-01-24 19:31:12,e7ab0244-20a2-473a-b71f-7457a9be6ba1,43
941.06,2019-09-22 20:13:53,dbfc583f-2fb8-4aca-b183-6f93bf393d27,682
2158.65,2019-03-30 08:10:11,56d3d444-4c54-4913-8cac-46552299aee9,833
3170.61,2019-08-04 02:37:25,fcb81508-6324-4853-9317-139004451125,187
1433.35,2019-01-02 16:24:32,9d6f7b5c-b698-47cb-ba09-b3daee464c5a,59
0,2019-09-02 13:58:59,cd8ce807-8676-42ea-ba5c-891829162680,691
0,2019-12-13 22:08:31,cc5cdffd-3664-48b2-9d40-3d274b64b9b8,641
606.08,2019-07-03 02:30:35,976ffb08-75d7-4f9d-9e27-91557ac61b49,115
3062.17,2019-07-01 18:02:44,d21fdbe5-4d84-4afc-95a1-e48ef3a34c7d,487
0,2019-03-11 22:53:18,9e358990-268e-48f9-aaa5-de4306f5ea85,928
0,2019-01-24 14:43:05,90fe59c5-0ebb-486d-86db-b4553b4e8247,67
234.12,2019-04-06 07:27:21,a27c4891-fcc4-407e-ac1e-b75eb181f35e,796
0,2019-09-25 13:13:34,37ef1a6c-329d-4e94-a832-ad6c36b94ac7,204
445.24,2019-10-24 16:22:23,aab3c454-5eb2-4889-8c85-787f5f3cf4f5,796
133.49,2019-12-05 21:08:03,e1a44a02-4574-4358-83ba-3ab4ae8acf9d,4
705.4,2019-11-26 21:41:49,3f1a7233-63be-41b2-90c2-0c766b384000,11
2258.94,2019-01-28 01:26:42,cdd765ff-4a0f-4d0f-a7b8-933e57b632cf,424
0,2019-09-14 13:35:50,e135be0f-c09a-4a9d-b145-25a37b3af614,924
0,2019-09-13 23:34:20,954825c0-791f-4dd1-97db-66b655a7ddb2,7
0,2019-09-11 14:57:10,df3d9e53-0795-435f-a4be-4796362cdca5,275
0,2019-02-08 09:16:28,1fca81b9-f4b5-4703-b19e-6b84bb9b4eb2,470
1999.33,2020-01-21 16:28:41,d1cfd8a2-0219-4ef9-958b-2ddb20c1daa3,558
0,2019-10-14 09:19:16,4b057c67-3acd-4a8c-9449-c79d5ba514d0,207
0,2019-09-04 07:59:44,d8b0fd0c-5df8-4573-a66e-765b51ab2c37,235
4000.0,2019-03-16 20:39:31,1d63933d-049b-4d8c-92d7-6beea56b7eb9,815
3025.38,2020-02-02 02:09:33,bca8b1bd-57ff-4a12-8dca-a8de30dd06b7,57
0,2019-02-21 10:57:09,c3c0ee7a-0643-4481-bf92-41796a5f0e81,201
0,2019-01-21 03:22:50,816718a1-6584-4e4d-aca4-8c806f7f017a,837
649.88,2019-10-18 01:21:25,82ccd656-b303-4278-8756-3eef6943eb6e,577
0,2019-02-05 14:03:19,f50fec56-2eda-41fd-90d9-aba8de19ddd4,144
3009.53,2019-05-03 11:01:50,d8e79551-fb11-48e4-a080-827d7ad0cb7a,211
0,2019-09-28 07:21:54,283ee3a5-1230-4349-b36e-fd0222e94b49,651
0,2019-07-21 21:33:54,0825d01c-18e2-4fb1-8740-3b16acfd96f6,681
116.9,2019-11-07 07:32:12,8177a3f1-09f4-4c96-a234-abb79c75f5af,507
1397.03,2019-01-08 20:08:23,201beea9-5d7d-4f87-b3a6-8a63bb8a9792,886
1069.26,2019-02-06 16:05:28,652ea277-7a75-4410-bde2-6ce9be573ced,591
2816.4,2019-03-22 13:01:47,1a77257b-44dd-4758-8ef4-827ebf96b87b,293
0,2019-03-26 15:46:30,7bb73d26-6c7d-4067-916c-79f83e6d4901,768
297.25,2019-06-07 08:35:33,80efd0f8-ddfd-4fb3-826d-4b2533a0f25e,862
0,2019-05-01 08:14:22,ec128035-9ed6-44ea-aa5f-71aedcbcbc97,400
0,2019-02-26 00:47:16,01e6b5de-d9c9-4338-aa57-4e0e42b6c5e9,182
513.56,2019-05-21 05:41:25,5d0cf5bf-c0c1-4d7d-a69b-2248cff52ca1,116
0,2019-10-26 11:47:52,d4223043-68fd-4477-abe8-9d29f6f174f4,762
0,2020-02-10 03:23:11,f8ea51ce-4177-48c5-b6d0-464674a034e9,829
1130.01,2019-03-06 15:07:08,8774ebfa-602e-4385-813a-fdb596c67540,1000
1431.75,2020-03-05 10:26:02,985e0553-d3c3-4d15-8200-b9da830a3585,439
706.92,2019-10-12 17:19:13,86a7d885-1a87-45ca-aba9-60fcb341be9a,546
300.31,2019-11-08 13:30:10,540726f9-3009-439a-8fc6-62aecfabf889,705
0,2019-07-03 15:33:43,856125cb-3bd8-496f-87f7-e6815089f754,398
0,2019-04-04 01:23:22,33406bb2-e87c-4310-b38c-d9c5868a35d7,523
2170.69,2019-03-14 12:39:27,30eda0b6-3f1a-4ae1-bd58-d0345a5ac038,296
264.81,2019-01-09 08:07:54,06de40cf-538f-43b8-8576-5b57d974552c,603
0,2019-07-17 19:50:02,0cd80939-7c8e-422c-9938-f4cc86688b18,123
0,2019-04-21 18:07:06,81ad564d-fef0-4389-91b0-8add5150fdfc,742
1135.26,2019-09-21 11:52:15,52543c58-e820-4e16-a02c-cd5d83f4ee46,435
0,2019-08-09 21:43:36,edcecfff-9d96-4b4f-9b3c-85a1a9335089,1
4126.95,2019-10-05 14:16:30,52d2f744-3626-4613-9fe5-e95a17b1d22d,292
851.73,2020-02-16 13:15:51,7fcbc082-8281-4890-a188-b61bbc65b354,452
0,2019-10-27 23:57:06,d5b9c6ef-7ee5-4959-9d25-519ff7f9c1c6,357
0,2019-06-25 14:10:55,43aa0f73-38cb-4bd1-9d20-30e703ad09f7,513
4679.79,2019-10-13 07:44:47,d8de1689-8337-4036-9702-48726a44ed09,410
0,2019-08-12 17:30:28,e6c76727-617a-4176-b563-0300b2c16e55,264
1066.38,2019-03-11 20:13:35,f29b8c14-5137-4bcd-a7c0-6b6f71915f19,460
0,2019-11-18 18:38:54,dfb75ade-f2e6-4825-bff0-847484bb1466,941
0,2019-04-09 21:19:43,856125cb-3bd8-496f-87f7-e6815089f754,652
0,2019-04-09 00:28:12,54ac6163-38ab-4c1d-909d-7959e579d2fa,703
0,2020-01-08 21:54:52,52cda186-7030-490b-b291-b62cc360cf52,480
1193.01,2019-10-29 19:51:13,2dd6590a-c808-4582-975e-2a351169e9cc,373
0,2019-08-06 05:36:30,df49fccd-68de-455d-a76f-82336ee03012,685
0,2019-09-14 14:16:58,10d4ac8e-b727-4210-b754-01bc345089a5,178
0,2019-07-31 14:49:03,eabac877-55ff-4330-94af-11faf9ef6236,741
1419.38,2019-07-10 00:33:46,135a3674-3838-412c-b907-0088744e1dd8,775
738.69,2019-11-29 22:16:25,39ad6903-45c4-4e4d-9fd2-e9d499459568,193
0,2019-02-03 01:35:26,e1a44a02-4574-4358-83ba-3ab4ae8acf9d,745
0,2019-02-03 20:37:10,d44e2ebd-8a29-43a8-a83f-91f6c85aa4b6,263
3123.86,2019-10-28 15:21:10,37ef1a6c-329d-4e94-a832-ad6c36b94ac7,485
0,2019-09-19 18:19:15,6b36a883-1589-4616-95b7-1775bdd865f8,94
470.2,2020-01-31 03:14:32,0f9bf953-2846-4f30-9945-5b14c5cc5bd1,784
0,2019-03-15 05:37:18,5d5c505c-ba8f-44a8-98bb-017b508c5cfd,554
0,2019-04-09 10:03:35,f614b364-8c63-4ce5-8413-4f9d8ecd5676,316
0,2019-03-04 03:17:38,f404b9ac-8e8e-4933-b40a-fe30f35770f6,829
0,2019-11-28 05:53:07,0620cbe8-4c37-4acc-84e3-3b097a7b34d4,685
1600.36,2020-02-06 04:48:29,e4024888-d720-4236-b921-adc76bdcf942,191
606.97,2019-06-10 19:53:29,f90ac945-31b4-4a5a-b39f-a1b30e3b7dc8,342
1549.57,2019-02-23 00:36:39,768f2777-9bed-4026-b8f6-bee2b7c74e1e,148
0,2019-12-08 03:09:42,a48d9aad-5393-41a1-b294-c4578e8aae43,180
2408.42,2019-09-24 23:53:05,bca8b1bd-57ff-4a12-8dca-a8de30dd06b7,190
0,2019-12-23 10:43:34,b52d0ef1-4942-4b67-b384-f1323373c6c9,734
0,2019-10-24 13:42:15,8e286cb0-e421-4113-9006-3bc146fdf0cc,969
0,2019-07-12 15:18:20,a5fc8e69-f134-4f4a-81ce-bc1dc7399fd4,209
0,2020-01-30 12:05:04,d4357d4d-b0e0-42ce-9943-d03904f23011,270
292.52,2019-11-05 02:11:27,e2b86923-ba23-44dd-a042-90d6387f05a9,198
0,2020-01-12 20:10:10,7a8bac5c-3e94-430e-88df-7d38529e1951,355
1419.38,2019-04-18 12:30:22,9e358990-268e-48f9-aaa5-de4306f5ea85,764
1497.94,2019-05-23 19:06:26,2dcc065a-2013-46ff-a21a-4d70f87bf697,220
2625.54,2020-01-27 18:06:33,06de40cf-538f-43b8-8576-5b57d974552c,468
776.85,2019-09-12 09:55:23,db370b5e-16fe-43f1-b5db-57517d48fce6,876
2625.54,2019-12-18 18:08:50,1a7c8bb0-afdd-406a-b902-c803b98c686a,880
1662.97,2019-10-21 17:06:54,343e1988-df0a-4775-bef5-93161e7a3bb8,892
0,2019-04-30 20:03:04,81cc02b3-0a79-4e7c-9184-a764aef9eea7,471
4637.8,2019-07-04 14:34:38,db34b1d2-6701-4d06-94c3-e90b0db81389,798
0,2019-02-28 08:55:02,ef26aa88-0a44-4ba3-a229-642e2db6202f,67
0,2020-01-05 10:17:35,33406bb2-e87c-4310-b38c-d9c5868a35d7,750
0,2019-03-29 14:00:22,ae5cbeab-b1fd-477b-9354-d2930763b33f,573
250.54,2019-06-16 03:35:49,2e589e56-03b4-43d1-90f6-82a8f902fd28,651
0,2019-07-05 01:41:40,b423dffc-021a-4c26-a9e1-238fecc41c98,640
2629.28,2019-01-19 19:00:14,6500f513-04c4-4f50-90c7-6ff087308983,806
521.18,2019-02-17 00:16:08,c458f390-0c13-4104-ae1f-ca863a5bb59a,145
0,2019-07-26 19:05:25,efb3bf1f-5a38-4f15-912c-2948cd25e7d1,221
0,2020-02-29 07:19:50,b2c4f9c7-043b-42fe-a565-e1aba2273aec,907
3686.07,2020-02-04 08:35:59,a88ccbbd-d529-4007-ad3a-7a078a4a737f,779
1229.13,2019-01-20 14:22:54,ba9fed23-a0bf-495c-991b-c03069577a39,971
1580.81,2020-01-06 08:27:20,b6ebc14b-ec6d-4384-9cc9-7f7131ca7887,831
0,2019-10-23 14:33:04,4b941de4-cf86-4d91-a9a1-eb6d9f51ed3b,461
70.38,2019-02-27 11:43:49,bac11b54-da5e-4c6a-9dc1-c0949ca222de,50
0,2019-07-05 13:28:01,29637da2-7e02-4baa-9fe9-82a89b92c21c,541
0,2020-01-20 11:16:50,636a8cd4-875a-41bf-a5e7-ea3ab129c0aa,379
0,2019-01-12 01:38:12,fb8c79d6-cc6f-418b-9ed5-350528479c34,431
2362.45,2019-07-19 02:06:58,099d7a75-5c71-47b0-aa45-91ce0ab1d582,528
0,2019-08-31 06:28:29,2939ba70-fd09-4ed2-bf46-afa4f315322c,368
2076.01,2020-02-21 16:36:08,6a1640ab-8a16-4ff9-9360-66f881add4f7,96
0,2019-10-06 18:58:28,495266f2-6510-4a87-a091-fdfb1f713e34,912
0,2020-03-10 23:05:02,db524b84-0784-4514-ab54-51340a3951fe,928
0,2019-11-22 01:54:42,8e71a83d-d107-4e6f-a430-12599da647cf,240
0,2019-12-02 06:05:40,7942ca6a-c4a0-45f5-849e-a4d6a59dd1b8,904
2527.78,2019-04-23 01:07:25,9e304a71-eaa4-44b2-84df-0c1d525f75c4,435
1017.21,2020-01-25 17:16:24,01de3dba-61f6-4c75-b3b5-9165f1caacc6,644
0,2019-04-10 09:34:44,c7ea925d-4709-439a-bc55-b2ab9e9c8247,451
374.55,2019-07-14 14:06:28,3db02eea-1b1d-4aae-87ae-014baa34f7bf,856
0,2019-03-10 13:27:46,52230338-2f8b-4b35-b10e-65393df973b7,481
0,2019-01-05 22:24:33,79f61cf2-14ab-46e6-be72-0c002cef0f4c,656
0,2019-12-13 10:51:51,5de559fb-2db8-4ec2-81f3-3f9f11332a3d,778
1267.06,2019-12-12 14:36:46,ff84e432-88e8-453f-9195-eba340a6af2c,215
0,2019-03-10 16:15:49,d4d49242-0fb7-4c1d-ad0f-19ed71a85116,492
1184.91,2019-06-13 15:20:57,82d92c98-4960-4cb9-ba7a-236292a6c8b1,505
0,2020-03-06 14:38:58,52cda186-7030-490b-b291-b62cc360cf52,417
759.9,2020-01-03 22:13:31,90e0731f-7e50-4b18-b324-7374b6fdee22,846
1754.07,2019-03-28 11:05:01,7fcbc082-8281-4890-a188-b61bbc65b354,907
1731.2,2019-10-07 05:55:43,d8b0fd0c-5df8-4573-a66e-765b51ab2c37,420
2762.7,2020-03-09 23:57:05,79609058-4599-4d7b-bc38-307ead8cdaf2,115
0,2019-03-24 13:55:19,0180f483-5ab6-437d-8b0b-c436aa179b1a,806
3123.86,2019-11-19 20:40:15,ace19890-54d8-417f-9b36-41f88c3bbd0b,853
0,2020-02-01 06:10:47,f404b9ac-8e8e-4933-b40a-fe30f35770f6,884
2678.73,2020-01-16 02:11:31,8483436c-5909-4294-9bf2-c4415913e18c,105
0,2019-03-23 03:03:47,a48d9aad-5393-41a1-b294-c4578e8aae43,933
0,2019-09-17 18:16:34,bc9c3a4c-099d-4e7c-b72a-f69790721072,558
1267.06,2019-04-26 22:21:28,daef01fd-9641-4735-b948-dc1ffb3efd72,490
0,2019-10-02 10:28:20,1d54b1ac-a6b2-4f18-ac24-222a65595880,250
2130.34,2019-11-28 00:53:52,7942ca6a-c4a0-45f5-849e-a4d6a59dd1b8,669
0,2019-10-07 03:09:32,af402345-b6cb-4071-93c6-e7ec5776bb30,979
0,2019-08-02 05:49:58,314eba65-8550-46a7-9964-f18424141073,916
1269.13,2019-12-11 15:03:55,5c0888ea-5a93-4726-9cfd-35d44bbe7bf3,714
1660.27,2019-11-17 08:33:07,562bfb89-ddf3-495d-bf3d-e94eddcdbe38,393
1388.54,2019-04-28 03:29:30,a5fc8e69-f134-4f4a-81ce-bc1dc7399fd4,654
0,2020-02-23 01:41:54,8b6f736e-59da-4a67-9f87-81f09349f05c,866
0,2020-02-02 04:17:44,898dcdcf-a95d-4bef-bb76-32c41a00e49a,14
0,2019-11-17 05:33:47,a8a87b26-f74f-4282-92e5-0a71d74cfea8,414
0,2019-11-29 19:23:52,7deee93d-c41c-48ef-9bc6-9bd1c046c2d1,761
0,2019-05-30 22:46:30,4167ba00-b46d-4bdd-90d7-80d2927b1ec5,282
0,2019-01-18 17:24:00,40e914d6-2986-42ed-924d-09dc94902e66,470
0,2019-05-15 23:19:58,52a8d186-b0ea-4fd5-95dd-aa635fe03768,233
1000.18,2019-07-19 22:33:15,c5685de8-ec33-45aa-814e-8de73c131419,191
2762.7,2019-12-13 14:55:13,2a590689-78bb-469e-a3bd-6e2c11dc7e87,719
1646.66,2019-10-06 21:31:47,fd2e749a-b65f-42fc-8938-9cda14f779c0,232
0,2019-06-28 17:51:23,d99864a8-0dc1-4a5f-871c-11c8ba964ff6,462
2662.94,2019-11-03 01:20:28,29637da2-7e02-4baa-9fe9-82a89b92c21c,644
999.6,2019-04-21 06:50:11,2d81be41-78e5-43d4-974f-cea7c9f3dece,759
2533.98,2019-05-31 10:37:31,f90ac945-31b4-4a5a-b39f-a1b30e3b7dc8,166
358.4,2020-01-30 06:52:25,32720384-a202-46cb-b86d-c4d6709d225b,756
0,2019-04-18 06:43:42,0f9bf953-2846-4f30-9945-5b14c5cc5bd1,274
0,2019-03-03 22:44:31,58420cff-b22a-4847-b549-18ae6ba8c399,687
2798.92,2019-01-10 09:18:15,56d3d444-4c54-4913-8cac-46552299aee9,589
162.47,2019-04-15 23:02:17,0097e18f-749c-4c42-90d5-ebf7e6a502d6,171
1955.09,2019-05-28 19:38:54,7ce38d21-05a9-491c-833b-08e0381702cc,587
0,2019-10-21 19:49:17,5bdfe21b-87c2-4944-8860-94104f6e391e,769
345.48,2019-11-17 15:30:47,710e842d-2609-4dfd-b2b9-08f385a65b38,27
0,2019-01-06 22:46:27,fb8c79d6-cc6f-418b-9ed5-350528479c34,401
0,2019-08-16 01:31:58,4596e3aa-3ffe-46ea-acd9-94cfa52eeb5b,22
3193.88,2019-12-28 00:53:11,c7ea925d-4709-439a-bc55-b2ab9e9c8247,17
150.27,2020-02-13 04:17:45,4d31d08c-b640-4a09-bedb-acddd5dcf463,863
0,2019-10-27 01:51:49,b702559a-8d28-49ef-819e-013e61b9645e,255
0,2020-03-03 23:42:38,47606eb1-135b-481f-8307-0bb129447afe,674
0,2020-02-17 11:39:50,b9e74108-d4ee-492b-a35d-d275a74a4ad3,919
4369.83,2019-05-29 05:25:18,ba5a8ad2-97e4-439a-a027-7d1fec83223b,898
4637.8,2019-02-25 13:17:32,396f450f-d608-425b-8256-8eb852e85cc5,432
77.28,2020-02-27 04:18:02,42bb4397-bc18-4666-8c82-730e465295e7,974
2987.18,2019-02-25 15:22:58,42bb4397-bc18-4666-8c82-730e465295e7,341
3327.44,2019-06-08 18:18:22,e1ee3a17-d034-475d-9fb7-57d55f9ed9b2,461
106.15,2019-07-02 23:46:41,d594de84-e9e5-404c-a528-a93dbf2b54af,206
509.06,2020-01-14 13:25:44,cd4aa321-999c-447d-b511-d05bb51633d7,252
562.24,2019-02-12 05:50:43,bee752b5-f608-4e33-926d-c93396732add,299
162.47,2019-09-06 23:58:11,3795eed9-b4ba-4618-899b-5243288abe92,699
0,2019-07-21 15:02:01,2a590689-78bb-469e-a3bd-6e2c11dc7e87,808
851.73,2019-02-18 20:45:31,63648de7-688b-4d18-9fe2-de5345261761,286
1912.48,2019-02-22 14:51:14,84f1afe5-dc2f-4dad-b871-296eb0736b96,919
630.86,2020-01-07 07:53:23,78f249ce-810e-4860-902d-527bc45d82ab,394
82.89,2019-08-30 23:06:57,a5f9e324-28e5-4a64-b283-3fa041da6bf1,516
0,2019-03-21 04:56:22,f3f448fc-6ea2-4c49-a904-71675b527658,748
257.92,2019-08-30 09:52:22,a7dea82f-dd5f-4016-b494-37fc456cebf2,400
3343.68,2019-05-23 00:41:22,c5df109f-f332-4058-be24-10f7be27e2c7,358
0,2019-08-28 22:45:14,4d1fe69a-1670-4a0a-af7e-35b33d566054,59
0,2019-05-22 05:14:29,95e642aa-24bd-4996-89c5-cb9db68de741,80
0,2020-02-16 21:56:52,c1f76631-51bc-4e96-957e-24472e069dca,331
0,2019-03-01 09:04:49,88af0468-363e-4877-9aa7-73b04ebb3c21,640
376.82,2019-05-08 20:50:15,0cd80939-7c8e-422c-9938-f4cc86688b18,878
1781.4,2019-10-02 23:35:11,f6224cbb-5006-419b-a11b-6ca2cdc43418,300
0,2019-07-15 09:28:56,b123739b-6c74-450a-9817-e7ff080dc2fe,407
0,2019-01-17 05:20:23,12ef1727-8e73-4cba-a4c1-f2f32af305ac,826
1188.09,2019-07-07 03:50:01,503ccbd3-7fef-44f0-91fe-716b90d1cbe3,844
0,2019-09-01 17:25:59,6500f513-04c4-4f50-90c7-6ff087308983,836
0,2019-02-11 09:40:27,d39eb1c5-89dd-4528-a96a-c63dcb7692c7,481
1866.54,2019-04-15 03:46:22,8ea8c7fc-1578-4eef-aa85-ae71f9c678e5,915
0,2019-04-19 06:07:48,014b8175-b3f1-4638-9d28-668e8a2a1c1e,758
1249.83,2019-06-15 02:50:04,82139a82-69b7-45ba-a153-91b9bdf94e0c,651
1088.98,2019-12-16 02:01:20,05227899-0da7-4605-9904-2a81e745cefc,64
0,2019-07-08 07:41:55,53cb50f1-0a72-49a5-843f-6bf71ccdbcd5,759
0,2019-08-24 14:47:05,f15e6f53-c70b-47ed-8e6e-b6df3646d8c2,514
2862.67,2019-02-27 17:39:18,3c1557cb-73f9-4d23-a3d8-46c211f8323c,19
0,2019-10-23 01:54:52,38383dd1-2408-406b-9cff-42e763413522,565
0,2019-07-21 03:55:06,7c2327a2-0ccf-4731-bc12-7c0ad04f66c4,934
0,2019-05-05 14:41:49,6f73f742-1d5b-4794-a9af-e48790192cb2,258
0,2019-03-15 21:29:53,ec38e98b-061f-460d-b346-85ca13c6b97e,285
282.13,2019-11-14 04:56:39,3db02eea-1b1d-4aae-87ae-014baa34f7bf,929
0,2019-04-14 12:30:30,faf8758f-1fc0-498e-8502-fe01a91aaba1,260
0,2019-04-21 18:52:37,f77d5ef7-871b-44cb-bcdf-dddcae4f1e9d,538
1313.97,2019-02-12 18:00:48,4d6c1d53-0b5c-4653-a3d0-6011115f4837,828
0,2019-11-21 15:20:02,8ea8c7fc-1578-4eef-aa85-ae71f9c678e5,686
2792.79,2019-02-24 18:22:31,123b38ab-0ccb-4ff9-bcfd-fd60393fd8f2,273
2378.42,2019-03-16 04:33:24,01ff992e-0dac-48b2-9720-230c8f5b6f00,695
0,2019-09-07 04:59:56,23a3c2af-63e1-4319-966e-7c49e7b3bfda,53
0,2019-07-08 11:11:23,687c965a-64c1-45de-87f3-1527bff378b0,818
568.78,2019-01-04 05:05:11,ef26aa88-0a44-4ba3-a229-642e2db6202f,137
2962.4,2019-05-22 05:17:16,ce7a90dd-254d-4da7-87d5-29d56a6b1b2b,751
0,2019-09-07 14:55:40,f1d08995-7ed6-484a-af16-6932269dc92b,557
1677.33,2019-01-14 02:09:10,77e9be5e-8218-4341-a989-1915623b5ef8,748
2190.06,2019-02-14 00:36:33,f96b3822-2e61-435a-9578-f1220bbbb2d2,673
422.6,2020-02-03 10:57:24,215296f0-6556-4624-9200-846adf307436,570
0,2019-03-23 10:12:00,aa574d4a-e3bc-41f7-8c8b-de4df4225c41,242
441.78,2019-10-19 22:51:13,725d462a-b56a-4717-bb98-306b95ceac7f,83
309.96,2020-01-15 19:56:46,8b6f736e-59da-4a67-9f87-81f09349f05c,742
0,2019-10-07 15:13:11,0484049d-277d-4f62-b3f9-4c4c6db65a0a,152
4000.72,2019-10-02 02:38:20,bf38e4ef-455b-40be-828d-b9f50c66aa7a,611
573.09,2019-04-10 10:24:56,01de3dba-61f6-4c75-b3b5-9165f1caacc6,53
0,2020-03-04 21:36:33,76387511-81e5-4ec9-a34c-c976fbc8072c,228
0,2019-07-23 17:20:38,283ee3a5-1230-4349-b36e-fd0222e94b49,281
2519.08,2019-10-29 17:46:04,d456fa6e-0e7d-43e9-a151-9ec10fd685ee,884
0,2019-09-11 05:52:36,bf6910f5-f816-4edc-a16a-f75eb4772810,802
884.33,2019-04-13 14:37:08,bf6910f5-f816-4edc-a16a-f75eb4772810,622
0,2019-02-02 05:53:01,e9e3b0e7-c6a2-4fbb-87c0-cd6caff2a735,775
338.51,2019-10-18 13:47:12,03dfe3d0-f959-4a1b-9bc0-e1978fefe598,294
0,2020-02-10 12:20:55,b5f5be0f-d02f-4d6c-9b47-3ddbee503ece,13
0,2019-09-09 16:17:44,2b4e49a4-8aff-4c10-a4c1-1930d381abe9,224
1497.3,2019-11-30 05:41:24,a8afeeef-811e-447b-a99e-845b71b4fc08,429
0,2020-01-31 10:02:40,56d3d444-4c54-4913-8cac-46552299aee9,202
597.2,2019-01-14 12:53:55,2a590689-78bb-469e-a3bd-6e2c11dc7e87,940
2926.02,2019-10-09 15:35:57,4167ba00-b46d-4bdd-90d7-80d2927b1ec5,413
0,2019-04-19 03:50:45,b4a0f3a5-9b79-406f-9964-27af9453923e,451
0,2019-02-15 10:28:39,fcd5f106-261c-4971-81a8-5281d44fb519,804
470.2,2019-01-02 08:46:47,ec38e98b-061f-460d-b346-85ca13c6b97e,62
0,2019-01-26 18:45:04,6f050b0b-8292-49f4-b48d-5a0b7705d756,715
4069.47,2019-05-26 00:02:49,a2aa797b-bb25-42c5-b495-aa5d2b07443d,752
0,2019-05-27 00:49:42,97b7f77c-b658-4372-8b21-4c0c48c568fd,99
0,2019-06-10 08:48:55,d99864a8-0dc1-4a5f-871c-11c8ba964ff6,393
999.92,2020-02-26 22:06:39,e526a378-041c-4adc-946b-23eab41185b9,270
2816.4,2020-03-08 18:20:48,d96fa1c2-cce4-49cf-91eb-121f222dc0c0,44
0,2019-01-28 06:35:11,e2b86923-ba23-44dd-a042-90d6387f05a9,773
2345.95,2019-05-29 03:34:25,f77d5ef7-871b-44cb-bcdf-dddcae4f1e9d,769
1501.02,2019-03-22 03:01:11,52ab3a65-d0b2-4079-85db-f7310ac1a5f0,49
0,2019-01-18 03:24:51,4df84056-4a8b-4201-b843-a9c6b8696762,313
1079.61,2019-06-24 12:52:33,b0f418cb-add3-48cc-be14-38bf01de8332,407
0,2019-02-08 00:34:19,03518786-90fc-4816-8bda-c7cd8aaba126,995
1731.2,2020-01-03 12:52:03,a54a06c2-8b49-4209-90f0-9bb6f2dfecc0,849
0,2019-08-13 03:03:54,6386427e-45f2-4903-b058-703e91026011,443
1374.09,2019-07-21 23:09:20,fcb81508-6324-4853-9317-139004451125,903
2085.74,2019-07-03 23:56:39,d0a76be5-467b-4e24-86c2-9d316c61c8c5,252
300.31,2019-07-07 20:57:08,9ad3a544-dcfa-454a-83ec-2ca90904df0e,216
127.73,2019-07-06 02:17:46,f1cd0935-a265-4bf2-b9b1-fabbca2e461c,988
0,2019-12-29 15:45:18,146d977c-fffa-43da-91a3-38c3bf1fe25d,329
0,2019-11-24 05:24:45,76e6f356-dff4-4713-9edd-67a8696f5683,187
